pool,target,method,model,n_features_legacy,mean_jaccard_legacy,test_mcc_legacy,test_f1_legacy,test_auc_roc_legacy,n_features_new,mean_jaccard_new,test_mcc_new,test_f1_new,test_auc_roc_new,d_mcc,d_auc,d_f1,d_nfeat,d_jaccard
tera,ant-1.3,AEFS,lightgbm,5,0.778,0.2282,0.3125,0.7171,5,0.8716,0.2496,0.3226,0.7176,0.021400000000000002,0.000500000000000056,0.010099999999999998,0,0.09360000000000002
tera,ant-1.3,AEFS,random_forest,5,0.778,0.2561,0.3684,0.7429,5,0.8716,0.1939,0.3158,0.7352,-0.062200000000000005,-0.00770000000000004,-0.05259999999999998,0,0.09360000000000002
tera,ant-1.3,Ablation_no2D,lightgbm,5,,0.2282,0.3125,0.7171,5,,0.2496,0.3226,0.7176,0.021400000000000002,0.000500000000000056,0.010099999999999998,0,
tera,ant-1.3,Ablation_no2D,random_forest,5,,0.2561,0.3684,0.7429,5,,0.2247,0.3333,0.7419,-0.031399999999999983,-0.0010000000000000009,-0.03510000000000002,0,
tera,ant-1.3,AllFeatures,lightgbm,20,,0.3015,0.4103,0.7733,20,,0.2561,0.3684,0.7657,-0.045399999999999996,-0.00759999999999994,-0.04189999999999999,0,
tera,ant-1.3,AllFeatures,random_forest,20,,0.3819,0.4889,0.8081,20,,0.4364,0.5333,0.8298,0.05449999999999999,0.02169999999999994,0.044399999999999995,0,
tera,ant-1.3,FilterMI,lightgbm,5,,0.3757,0.4828,0.7971,5,,0.3655,0.4746,0.7886,-0.010199999999999987,-0.008500000000000063,-0.008199999999999985,0,
tera,ant-1.3,FilterMI,random_forest,5,,0.4568,0.549,0.84,5,,0.494,0.5769,0.8331,0.03720000000000001,-0.006900000000000017,0.027899999999999925,0,
tera,ant-1.3,WrapperRFE,lightgbm,5,,0.0185,0.129,0.659,5,,-0.0269,0.1143,0.649,-0.045399999999999996,-0.010000000000000009,-0.014700000000000005,0,
tera,ant-1.3,WrapperRFE,random_forest,5,,0.1725,0.2581,0.6726,5,,0.2161,0.2759,0.6579,0.0436,-0.014699999999999935,0.017799999999999983,0,
tera,ant-1.4,AEFS,lightgbm,5,0.778,0.058,0.1786,0.5534,5,0.7288,0.0011,0.0833,0.5398,-0.056900000000000006,-0.013600000000000056,-0.09530000000000001,0,-0.04920000000000002
tera,ant-1.4,AEFS,random_forest,5,0.778,0.0975,0.25,0.4998,5,0.7288,-0.0452,0.0769,0.4552,-0.1427,-0.04460000000000003,-0.1731,0,-0.04920000000000002
tera,ant-1.4,Ablation_no2D,lightgbm,5,,0.058,0.1786,0.5534,5,,0.0011,0.0833,0.5398,-0.056900000000000006,-0.013600000000000056,-0.09530000000000001,0,
tera,ant-1.4,Ablation_no2D,random_forest,5,,0.0975,0.25,0.4998,5,,-0.0452,0.0769,0.4552,-0.1427,-0.04460000000000003,-0.1731,0,
tera,ant-1.4,AllFeatures,lightgbm,20,,0.1232,0.2899,0.5796,20,,0.1431,0.2985,0.5651,0.0199,-0.014499999999999957,0.008599999999999997,0,
tera,ant-1.4,AllFeatures,random_forest,20,,0.0872,0.2857,0.6257,20,,0.1039,0.2933,0.6308,0.016700000000000007,0.005099999999999993,0.007599999999999996,0,
tera,ant-1.4,FilterMI,lightgbm,5,,0.105,0.3218,0.5631,5,,0.0743,0.2989,0.5551,-0.03069999999999999,-0.008000000000000007,-0.022899999999999976,0,
tera,ant-1.4,FilterMI,random_forest,5,,0.07,0.2667,0.6479,5,,0.07,0.2667,0.6326,0.0,-0.01529999999999998,0.0,0,
tera,ant-1.4,WrapperRFE,lightgbm,5,,-0.0316,0.1867,0.5597,5,,0.0023,0.2133,0.5651,0.0339,0.005400000000000071,0.026599999999999985,0,
tera,ant-1.4,WrapperRFE,random_forest,5,,0.1536,0.3377,0.5903,5,,0.1536,0.3377,0.5932,0.0,0.0028999999999999027,0.0,0,
tera,ant-1.5,AEFS,lightgbm,5,0.727,0.0847,0.1569,0.5822,5,0.7798,0.2483,0.338,0.7095,0.1636,0.12729999999999997,0.1811,0,0.05280000000000007
tera,ant-1.5,AEFS,random_forest,5,0.727,0.1097,0.225,0.5897,5,0.7798,0.1752,0.2824,0.6483,0.06549999999999999,0.058599999999999985,0.05739999999999998,0,0.05280000000000007
tera,ant-1.5,Ablation_no2D,lightgbm,5,,0.0847,0.1569,0.5822,5,,0.2483,0.338,0.7095,0.1636,0.12729999999999997,0.1811,0,
tera,ant-1.5,Ablation_no2D,random_forest,5,,0.1097,0.225,0.5897,5,,0.1752,0.2824,0.6483,0.06549999999999999,0.058599999999999985,0.05739999999999998,0,
tera,ant-1.5,AllFeatures,lightgbm,20,,0.2411,0.3284,0.745,20,,0.2805,0.3662,0.7402,0.03940000000000002,-0.0048000000000000265,0.0378,0,
tera,ant-1.5,AllFeatures,random_forest,20,,0.2995,0.383,0.7651,20,,0.2727,0.3617,0.7633,-0.02679999999999999,-0.0018000000000000238,-0.021299999999999986,0,
tera,ant-1.5,FilterMI,lightgbm,5,,0.3363,0.413,0.7727,5,,0.3264,0.4043,0.7719,-0.009899999999999964,-0.0008000000000000229,-0.008699999999999986,0,
tera,ant-1.5,FilterMI,random_forest,5,,0.2551,0.3469,0.7522,5,,0.2684,0.3564,0.7601,0.013300000000000034,0.007900000000000018,0.009500000000000008,0,
tera,ant-1.5,WrapperRFE,lightgbm,5,,0.2594,0.3505,0.7039,5,,0.2727,0.36,0.7092,0.013299999999999979,0.005300000000000082,0.009500000000000008,0,
tera,ant-1.5,WrapperRFE,random_forest,5,,0.2091,0.3111,0.7432,5,,0.2091,0.3111,0.7416,0.0,-0.0015999999999999348,0.0,0,
tera,ant-1.6,AEFS,lightgbm,5,0.781,0.3671,0.4648,0.7665,5,0.7728,0.3856,0.4789,0.7634,0.018500000000000016,-0.0030999999999999917,0.014100000000000001,0,-0.008199999999999985
tera,ant-1.6,AEFS,random_forest,5,0.781,0.2993,0.4416,0.6853,5,0.7728,0.2993,0.4416,0.6844,0.0,-0.0009000000000000119,0.0,0,-0.008199999999999985
tera,ant-1.6,Ablation_no2D,lightgbm,5,,0.3671,0.4648,0.7665,5,,0.3856,0.4789,0.7634,0.018500000000000016,-0.0030999999999999917,0.014100000000000001,0,
tera,ant-1.6,Ablation_no2D,random_forest,5,,0.2993,0.4416,0.6853,5,,0.2993,0.4416,0.6844,0.0,-0.0009000000000000119,0.0,0,
tera,ant-1.6,AllFeatures,lightgbm,20,,0.43,0.5036,0.7994,20,,0.4414,0.5211,0.7967,0.011400000000000021,-0.0027000000000000357,0.01749999999999996,0,
tera,ant-1.6,AllFeatures,random_forest,20,,0.4272,0.55,0.8037,20,,0.4045,0.5256,0.8055,-0.022699999999999998,0.0018000000000000238,-0.02440000000000009,0,
tera,ant-1.6,FilterMI,lightgbm,5,,0.505,0.6286,0.7889,5,,0.4742,0.6,0.7928,-0.030799999999999994,0.0038999999999999035,-0.02860000000000007,0,
tera,ant-1.6,FilterMI,random_forest,5,,0.3476,0.5087,0.7608,5,,0.3491,0.5059,0.7633,0.0015000000000000013,0.0024999999999999467,-0.0028000000000000247,0,
tera,ant-1.6,WrapperRFE,lightgbm,5,,0.3857,0.4966,0.7954,5,,0.4087,0.5229,0.801,0.02300000000000002,0.005600000000000049,0.026300000000000046,0,
tera,ant-1.6,WrapperRFE,random_forest,5,,0.2851,0.4403,0.7567,5,,0.3513,0.4906,0.7588,0.06619999999999998,0.0020999999999999908,0.050299999999999956,0,
tera,ant-1.7,AEFS,lightgbm,5,0.779,0.3584,0.4655,0.7819,5,0.7237,0.2864,0.3985,0.7114,-0.07200000000000001,-0.07050000000000001,-0.067,0,-0.055300000000000016
tera,ant-1.7,AEFS,random_forest,5,0.779,0.2196,0.4069,0.7092,5,0.7237,0.2569,0.4201,0.6559,0.03730000000000003,-0.053300000000000014,0.01319999999999999,0,-0.055300000000000016
tera,ant-1.7,Ablation_no2D,lightgbm,5,,0.3584,0.4655,0.7819,5,,0.2864,0.3985,0.7114,-0.07200000000000001,-0.07050000000000001,-0.067,0,
tera,ant-1.7,Ablation_no2D,random_forest,5,,0.2196,0.4069,0.7093,5,,0.2569,0.4201,0.6559,0.03730000000000003,-0.0534,0.01319999999999999,0,
tera,ant-1.7,AllFeatures,lightgbm,20,,0.3668,0.4667,0.7778,20,,0.3798,0.4758,0.7759,0.013000000000000012,-0.0019000000000000128,0.009099999999999997,0,
tera,ant-1.7,AllFeatures,random_forest,20,,0.3969,0.527,0.7539,20,,0.3832,0.5174,0.7497,-0.01369999999999999,-0.0041999999999999815,-0.009600000000000053,0,
tera,ant-1.7,FilterMI,lightgbm,5,,0.3863,0.5422,0.7781,5,,0.3919,0.5455,0.7748,0.005600000000000049,-0.0032999999999999696,0.0032999999999999696,0,
tera,ant-1.7,FilterMI,random_forest,5,,0.2842,0.4697,0.7218,5,,0.2828,0.4703,0.7233,-0.0014000000000000123,0.0015000000000000568,0.0005999999999999894,0,
tera,ant-1.7,WrapperRFE,lightgbm,5,,0.3082,0.4326,0.7317,5,,0.29,0.4211,0.7387,-0.018199999999999994,0.007000000000000006,-0.01150000000000001,0,
tera,ant-1.7,WrapperRFE,random_forest,5,,0.2072,0.3879,0.6915,5,,0.2038,0.3841,0.6916,-0.0033999999999999864,9.999999999998899e-05,-0.0038000000000000256,0,
tera,arc,AEFS,lightgbm,5,0.704,-0.0456,0.0488,0.6206,5,0.8636,0.2624,0.3404,0.6984,0.30800000000000005,0.07779999999999998,0.29159999999999997,0,0.15960000000000008
tera,arc,AEFS,random_forest,5,0.704,-0.0673,0.0909,0.6086,5,0.8636,0.1355,0.2609,0.5643,0.2028,-0.044300000000000006,0.17000000000000004,0,0.15960000000000008
tera,arc,Ablation_no2D,lightgbm,5,,-0.0456,0.0488,0.6206,5,,0.2624,0.3404,0.6984,0.30800000000000005,0.07779999999999998,0.29159999999999997,0,
tera,arc,Ablation_no2D,random_forest,5,,-0.0673,0.0909,0.6086,5,,0.1196,0.25,0.5728,0.1869,-0.035800000000000054,0.15910000000000002,0,
tera,arc,AllFeatures,lightgbm,20,,0.3232,0.3913,0.7649,20,,0.3104,0.383,0.7541,-0.012799999999999978,-0.010800000000000032,-0.008299999999999974,0,
tera,arc,AllFeatures,random_forest,20,,0.1388,0.25,0.6753,20,,0.1726,0.2807,0.6786,0.0338,0.0032999999999999696,0.030700000000000005,0,
tera,arc,FilterMI,lightgbm,5,,0.2326,0.3385,0.6768,5,,0.2395,0.3438,0.6716,0.0068999999999999895,-0.005199999999999982,0.005299999999999971,0,
tera,arc,FilterMI,random_forest,5,,0.095,0.2338,0.6136,5,,0.1095,0.2469,0.6281,0.014499999999999999,0.014499999999999957,0.0131,0,
tera,arc,WrapperRFE,lightgbm,5,,0.0702,0.1702,0.6897,5,,0.0562,0.1633,0.6665,-0.013999999999999999,-0.0232,-0.0068999999999999895,0,
tera,arc,WrapperRFE,random_forest,5,,0.1216,0.2462,0.5738,5,,0.0845,0.2154,0.5776,-0.037099999999999994,0.0038000000000000256,-0.030799999999999994,0,
tera,berek,AEFS,lightgbm,5,0.724,0.4318,0.56,0.9005,5,0.6905,0.6514,0.7407,0.8843,0.21959999999999996,-0.016199999999999992,0.18069999999999997,0,-0.033499999999999974
tera,berek,AEFS,random_forest,5,0.724,0.4919,0.6667,0.8241,5,0.6905,0.3616,0.6061,0.7685,-0.13030000000000003,-0.055600000000000094,-0.06059999999999999,0,-0.033499999999999974
tera,berek,Ablation_no2D,lightgbm,5,,0.4318,0.56,0.9005,5,,0.6514,0.7407,0.8843,0.21959999999999996,-0.016199999999999992,0.18069999999999997,0,
tera,berek,Ablation_no2D,random_forest,5,,0.4919,0.6667,0.8241,5,,0.3616,0.6061,0.7685,-0.13030000000000003,-0.055600000000000094,-0.06059999999999999,0,
tera,berek,AllFeatures,lightgbm,20,,0.6456,0.7586,0.9028,20,,0.5937,0.7143,0.912,-0.051899999999999946,0.009199999999999986,-0.044300000000000006,0,
tera,berek,AllFeatures,random_forest,20,,0.6456,0.7586,0.9167,20,,0.5937,0.7143,0.9028,-0.051899999999999946,-0.013899999999999912,-0.044300000000000006,0,
tera,berek,FilterMI,lightgbm,5,,0.6972,0.8,0.9329,5,,0.547,0.7097,0.9097,-0.1502,-0.0232,-0.09030000000000005,0,
tera,berek,FilterMI,random_forest,5,,0.3206,0.5185,0.8125,5,,0.2719,0.5,0.7801,-0.04870000000000002,-0.032399999999999984,-0.01849999999999996,0,
tera,berek,WrapperRFE,lightgbm,5,,0.7151,0.7692,0.9676,5,,0.8082,0.8571,0.9722,0.09310000000000007,0.0045999999999999375,0.08789999999999998,0,
tera,berek,WrapperRFE,random_forest,5,,0.6568,0.7879,0.9213,5,,0.7122,0.8235,0.919,0.055400000000000005,-0.0022999999999999687,0.035599999999999965,0,
tera,camel-1.0,AEFS,lightgbm,5,0.781,0.0881,0.129,0.5502,5,0.7301,0.0134,0.0606,0.6134,-0.0747,0.06319999999999992,-0.0684,0,-0.050900000000000056
tera,camel-1.0,AEFS,random_forest,5,0.781,0.0023,0.0645,0.5566,5,0.7301,0.0851,0.125,0.5788,0.0828,0.022199999999999998,0.0605,0,-0.050900000000000056
tera,camel-1.0,Ablation_no2D,lightgbm,5,,0.0881,0.129,0.5502,5,,0.0134,0.0606,0.6134,-0.0747,0.06319999999999992,-0.0684,0,
tera,camel-1.0,Ablation_no2D,random_forest,5,,0.0023,0.0645,0.5566,5,,0.0851,0.125,0.5788,0.0828,0.022199999999999998,0.0605,0,
tera,camel-1.0,AllFeatures,lightgbm,20,,0.1568,0.1935,0.7736,20,,0.1568,0.1935,0.7303,0.0,-0.043300000000000005,0.0,0,
tera,camel-1.0,AllFeatures,random_forest,20,,0.2014,0.2059,0.752,20,,0.1923,0.1972,0.7438,-0.009099999999999997,-0.008199999999999985,-0.008700000000000013,0,
tera,camel-1.0,FilterMI,lightgbm,5,,0.1666,0.1923,0.6826,5,,0.125,0.16,0.6792,-0.0416,-0.0033999999999999586,-0.032299999999999995,0,
tera,camel-1.0,FilterMI,random_forest,5,,0.0906,0.125,0.6575,5,,0.099,0.1316,0.6689,0.008400000000000005,0.011400000000000077,0.006599999999999995,0,
tera,camel-1.0,WrapperRFE,lightgbm,5,,0.0559,0.1026,0.6541,5,,0.1382,0.1765,0.6627,0.08229999999999998,0.008599999999999941,0.0739,0,
tera,camel-1.0,WrapperRFE,random_forest,5,,0.0303,0.0857,0.6627,5,,0.0737,0.1159,0.6807,0.0434,0.018000000000000016,0.030200000000000005,0,
tera,camel-1.2,AEFS,lightgbm,5,0.781,0.0984,0.1825,0.585,5,0.7637,0.1537,0.2143,0.5594,0.0553,-0.025599999999999956,0.031799999999999995,0,-0.017299999999999982
tera,camel-1.2,AEFS,random_forest,5,0.781,0.1843,0.351,0.644,5,0.7637,0.1895,0.3718,0.605,0.00520000000000001,-0.039000000000000035,0.02080000000000004,0,-0.017299999999999982
tera,camel-1.2,Ablation_no2D,lightgbm,5,,0.0984,0.1825,0.585,5,,0.1537,0.2143,0.5594,0.0553,-0.025599999999999956,0.031799999999999995,0,
tera,camel-1.2,Ablation_no2D,random_forest,5,,0.1843,0.351,0.644,5,,0.1895,0.3718,0.605,0.00520000000000001,-0.039000000000000035,0.02080000000000004,0,
tera,camel-1.2,AllFeatures,lightgbm,20,,0.2356,0.2367,0.6736,20,,0.2158,0.2149,0.673,-0.019800000000000012,-0.0005999999999999339,-0.021799999999999986,0,
tera,camel-1.2,AllFeatures,random_forest,20,,0.2729,0.3819,0.7063,20,,0.2931,0.4122,0.7069,0.02020000000000005,0.0005999999999999339,0.030299999999999994,0,
tera,camel-1.2,FilterMI,lightgbm,5,,0.1365,0.3344,0.5678,5,,0.1688,0.3659,0.5731,0.032299999999999995,0.005300000000000082,0.03150000000000003,0,
tera,camel-1.2,FilterMI,random_forest,5,,0.2446,0.3987,0.6443,5,,0.198,0.3742,0.6442,-0.0466,-9.999999999998899e-05,-0.024500000000000022,0,
tera,camel-1.2,WrapperRFE,lightgbm,5,,0.1779,0.3411,0.6234,5,,0.1759,0.3322,0.6195,-0.0020000000000000018,-0.0038999999999999035,-0.008900000000000019,0,
tera,camel-1.2,WrapperRFE,random_forest,5,,0.2382,0.4281,0.7001,5,,0.2356,0.4174,0.6958,-0.002599999999999991,-0.0042999999999999705,-0.010699999999999987,0,
tera,camel-1.4,AEFS,lightgbm,5,0.764,0.1184,0.178,0.6007,5,0.8716,0.1275,0.1939,0.5966,0.009099999999999997,-0.0040999999999999925,0.015899999999999997,0,0.10760000000000003
tera,camel-1.4,AEFS,random_forest,5,0.764,0.2256,0.3387,0.6327,5,0.8716,0.2256,0.3387,0.6319,0.0,-0.0008000000000000229,0.0,0,0.10760000000000003
tera,camel-1.4,Ablation_no2D,lightgbm,5,,0.1184,0.178,0.6007,5,,0.1275,0.1939,0.5966,0.009099999999999997,-0.0040999999999999925,0.015899999999999997,0,
tera,camel-1.4,Ablation_no2D,random_forest,5,,0.2256,0.3387,0.6327,5,,0.2282,0.3401,0.6344,0.002599999999999991,0.0016999999999999238,0.0014000000000000123,0,
tera,camel-1.4,AllFeatures,lightgbm,20,,0.253,0.2751,0.7303,20,,0.2297,0.2553,0.7289,-0.023300000000000015,-0.0013999999999999568,-0.019799999999999984,0,
tera,camel-1.4,AllFeatures,random_forest,20,,0.3266,0.4545,0.7707,20,,0.3171,0.4459,0.7707,-0.009500000000000008,0.0,-0.008599999999999997,0,
tera,camel-1.4,FilterMI,lightgbm,5,,0.2174,0.3504,0.6603,5,,0.2556,0.3873,0.664,0.038199999999999984,0.0037000000000000366,0.03689999999999999,0,
tera,camel-1.4,FilterMI,random_forest,5,,0.3287,0.4596,0.7378,5,,0.3196,0.4508,0.7399,-0.009099999999999997,0.0020999999999999908,-0.00880000000000003,0,
tera,camel-1.4,WrapperRFE,lightgbm,5,,0.1142,0.2075,0.6469,5,,0.1117,0.212,0.6429,-0.0025000000000000022,-0.0040000000000000036,0.004500000000000004,0,
tera,camel-1.4,WrapperRFE,random_forest,5,,0.2897,0.4277,0.7372,5,,0.3134,0.4465,0.737,0.0237,-0.00019999999999997797,0.018799999999999983,0,
tera,camel-1.6,AEFS,lightgbm,5,0.781,0.1538,0.2195,0.6418,5,0.7728,0.1448,0.2222,0.6431,-0.00899999999999998,0.0012999999999999678,0.002700000000000008,0,-0.008199999999999985
tera,camel-1.6,AEFS,random_forest,5,0.781,0.2285,0.3596,0.6235,5,0.7728,0.1917,0.3291,0.6249,-0.0368,0.0013999999999999568,-0.03049999999999997,0,-0.008199999999999985
tera,camel-1.6,Ablation_no2D,lightgbm,5,,0.1538,0.2195,0.6418,5,,0.1448,0.2222,0.6431,-0.00899999999999998,0.0012999999999999678,0.002700000000000008,0,
tera,camel-1.6,Ablation_no2D,random_forest,5,,0.2285,0.3596,0.6235,5,,0.1917,0.3291,0.6249,-0.0368,0.0013999999999999568,-0.03049999999999997,0,
tera,camel-1.6,AllFeatures,lightgbm,20,,0.1901,0.255,0.6328,20,,0.1793,0.2419,0.6348,-0.010800000000000004,0.0020000000000000018,-0.0131,0,
tera,camel-1.6,AllFeatures,random_forest,20,,0.2519,0.3785,0.6693,20,,0.2638,0.3819,0.666,0.011899999999999966,-0.0032999999999999696,0.003400000000000014,0,
tera,camel-1.6,FilterMI,lightgbm,5,,0.1267,0.2831,0.5781,5,,0.1267,0.2831,0.5784,0.0,0.000300000000000078,0.0,0,
tera,camel-1.6,FilterMI,random_forest,5,,0.168,0.3397,0.6443,5,,0.1722,0.338,0.6461,0.0041999999999999815,0.0018000000000000238,-0.0016999999999999793,0,
tera,camel-1.6,WrapperRFE,lightgbm,5,,0.0954,0.203,0.5775,5,,0.0877,0.2051,0.5869,-0.0076999999999999985,0.009399999999999964,0.0020999999999999908,0,
tera,camel-1.6,WrapperRFE,random_forest,5,,0.2211,0.3695,0.6601,5,,0.2316,0.375,0.66,0.01050000000000001,-9.999999999998899e-05,0.005500000000000005,0,
tera,e-learning,AEFS,lightgbm,5,0.751,0.2046,0.25,0.6923,5,0.7728,0.2046,0.25,0.6423,0.0,-0.050000000000000044,0.0,0,0.02180000000000004
tera,e-learning,AEFS,random_forest,5,0.751,0.0358,0.1429,0.5231,5,0.7728,0.2619,0.3333,0.5385,0.22610000000000002,0.01539999999999997,0.19039999999999999,0,0.02180000000000004
tera,e-learning,Ablation_no2D,lightgbm,5,,0.2046,0.25,0.6923,5,,0.2046,0.25,0.6423,0.0,-0.050000000000000044,0.0,0,
tera,e-learning,Ablation_no2D,random_forest,5,,0.0358,0.1429,0.5231,5,,0.2619,0.3333,0.5385,0.22610000000000002,0.01539999999999997,0.19039999999999999,0,
tera,e-learning,AllFeatures,lightgbm,20,,0.0,0.0,0.6885,20,,0.0,0.0,0.7077,0.0,0.019199999999999995,0.0,0,
tera,e-learning,AllFeatures,random_forest,20,,0.2779,0.2857,0.8462,20,,0.2046,0.25,0.8077,-0.07329999999999998,-0.03849999999999998,-0.03570000000000001,0,
tera,e-learning,FilterMI,lightgbm,5,,0.3423,0.4,0.7192,5,,0.4004,0.4444,0.7038,0.058099999999999985,-0.01539999999999997,0.044399999999999995,0,
tera,e-learning,FilterMI,random_forest,5,,-0.0852,0.0,0.6981,5,,0.1231,0.2,0.7115,0.20829999999999999,0.013399999999999967,0.2,0,
tera,e-learning,WrapperRFE,lightgbm,5,,0.2779,0.2857,0.6885,5,,0.2779,0.2857,0.6654,0.0,-0.02310000000000001,0.0,0,
tera,e-learning,WrapperRFE,random_forest,5,,0.2046,0.25,0.7462,5,,0.2046,0.25,0.7615,0.0,0.01529999999999998,0.0,0,
tera,forrest-0.7,AEFS,lightgbm,5,0.785,0.0,0.0,0.8,5,0.7903,0.0,0.0,0.8087,0.0,0.00869999999999993,0.0,0,0.005299999999999971
tera,forrest-0.7,AEFS,random_forest,5,0.785,0.5948,0.5714,0.6478,5,0.7903,0.2328,0.2857,0.7913,-0.362,0.14349999999999996,-0.2857,0,0.005299999999999971
tera,forrest-0.7,Ablation_no2D,lightgbm,5,,0.0,0.0,0.8,5,,0.0,0.0,0.8087,0.0,0.00869999999999993,0.0,0,
tera,forrest-0.7,Ablation_no2D,random_forest,5,,0.5948,0.5714,0.6478,5,,0.2328,0.2857,0.7913,-0.362,0.14349999999999996,-0.2857,0,
tera,forrest-0.7,AllFeatures,lightgbm,20,,0.0,0.0,0.7478,20,,0.0,0.0,0.7652,0.0,0.01739999999999997,0.0,0,
tera,forrest-0.7,AllFeatures,random_forest,20,,0.0,0.0,0.8696,20,,0.4128,0.3333,0.913,0.4128,0.043399999999999994,0.3333,0,
tera,forrest-0.7,FilterMI,lightgbm,5,,0.14,0.25,0.713,5,,0.0761,0.2222,0.7391,-0.06390000000000001,0.026100000000000012,-0.02779999999999999,0,
tera,forrest-0.7,FilterMI,random_forest,5,,0.4128,0.3333,0.9826,5,,0.5948,0.5714,0.9826,0.182,0.0,0.23810000000000003,0,
tera,forrest-0.7,WrapperRFE,lightgbm,5,,-0.0897,0.0,0.8261,5,,0.2328,0.2857,0.8087,0.3225,-0.01739999999999997,0.2857,0,
tera,forrest-0.7,WrapperRFE,random_forest,5,,0.4128,0.3333,0.8174,5,,0.4128,0.3333,0.8087,0.0,-0.008700000000000041,0.0,0,
tera,forrest-0.8,AEFS,lightgbm,5,0.752,-0.0479,0.0,0.6379,5,0.7769,-0.0479,0.0,0.7759,0.0,0.138,0.0,0,0.024900000000000033
tera,forrest-0.8,AEFS,random_forest,5,0.752,-0.1011,0.0,0.7931,5,0.7769,-0.069,0.0,0.5862,0.03209999999999999,-0.20689999999999997,0.0,0,0.024900000000000033
tera,forrest-0.8,Ablation_no2D,lightgbm,5,,-0.0479,0.0,0.6379,5,,-0.0479,0.0,0.7759,0.0,0.138,0.0,0,
tera,forrest-0.8,Ablation_no2D,random_forest,5,,-0.1011,0.0,0.7931,5,,-0.069,0.0,0.5862,0.03209999999999999,-0.20689999999999997,0.0,0,
tera,forrest-0.8,AllFeatures,lightgbm,20,,-0.0479,0.0,0.6724,20,,-0.0479,0.0,0.7931,0.0,0.12070000000000003,0.0,0,
tera,forrest-0.8,AllFeatures,random_forest,20,,0.2418,0.2857,0.8793,20,,0.2906,0.3333,0.8621,0.04880000000000004,-0.017199999999999993,0.047599999999999976,0,
tera,forrest-0.8,FilterMI,lightgbm,5,,0.3582,0.4,0.8103,5,,0.3582,0.4,0.8793,0.0,0.06899999999999995,0.0,0,
tera,forrest-0.8,FilterMI,random_forest,5,,0.2906,0.3333,0.8621,5,,0.2906,0.3333,0.8966,0.0,0.034499999999999975,0.0,0,
tera,forrest-0.8,WrapperRFE,lightgbm,5,,0.2906,0.3333,0.8103,5,,-0.069,0.0,0.7414,-0.35960000000000003,-0.06890000000000007,-0.3333,0,
tera,forrest-0.8,WrapperRFE,random_forest,5,,0.3582,0.4,0.7759,5,,0.2418,0.2857,0.7931,-0.11640000000000003,0.017199999999999993,-0.11430000000000001,0,
tera,intercafe,AEFS,lightgbm,5,0.775,0.338,0.4444,0.9022,5,0.7769,0.338,0.4444,0.8913,0.0,-0.01090000000000002,0.0,0,0.0019000000000000128
tera,intercafe,AEFS,random_forest,5,0.775,0.0279,0.2,0.7935,5,0.7769,0.4144,0.5,0.8152,0.3865,0.021700000000000053,0.3,0,0.0019000000000000128
tera,intercafe,Ablation_no2D,lightgbm,5,,0.338,0.4444,0.9022,5,,0.338,0.4444,0.8913,0.0,-0.01090000000000002,0.0,0,
tera,intercafe,Ablation_no2D,random_forest,5,,0.0279,0.2,0.7935,5,,0.4144,0.5,0.8152,0.3865,0.021700000000000053,0.3,0,
tera,intercafe,AllFeatures,lightgbm,20,,0.2786,0.4,0.7935,20,,0.2786,0.4,0.75,0.0,-0.04349999999999998,0.0,0,
tera,intercafe,AllFeatures,random_forest,20,,0.467,0.5455,0.75,20,,0.2291,0.3636,0.75,-0.23790000000000003,0.0,-0.1819,0,
tera,intercafe,FilterMI,lightgbm,5,,0.2908,0.4,0.6957,5,,0.2908,0.4,0.7065,0.0,0.010800000000000032,0.0,0,
tera,intercafe,FilterMI,random_forest,5,,0.1632,0.3158,0.6848,5,,0.1932,0.3333,0.7283,0.03,0.04349999999999998,0.01749999999999996,0,
tera,intercafe,WrapperRFE,lightgbm,5,,0.3686,0.4615,0.75,5,,0.4144,0.5,0.7826,0.04580000000000001,0.03259999999999996,0.03849999999999998,0,
tera,intercafe,WrapperRFE,random_forest,5,,0.3198,0.381,0.6522,5,,0.3198,0.381,0.6957,0.0,0.04349999999999998,0.0,0,
tera,ivy-1.1,AEFS,lightgbm,5,0.777,0.1429,0.2192,0.6922,5,0.7686,0.1429,0.2192,0.6843,0.0,-0.007900000000000018,0.0,0,-0.008400000000000074
tera,ivy-1.1,AEFS,random_forest,5,0.777,0.1819,0.381,0.6775,5,0.7686,0.1232,0.3721,0.6736,-0.0587,-0.0039000000000000146,-0.008900000000000019,0,-0.008400000000000074
tera,ivy-1.1,Ablation_no2D,lightgbm,5,,0.1429,0.2192,0.6922,5,,0.1429,0.2192,0.6843,0.0,-0.007900000000000018,0.0,0,
tera,ivy-1.1,Ablation_no2D,random_forest,5,,0.1819,0.381,0.6775,5,,0.1232,0.3721,0.6736,-0.0587,-0.0039000000000000146,-0.008900000000000019,0,
tera,ivy-1.1,AllFeatures,lightgbm,20,,0.2874,0.359,0.7545,20,,0.2412,0.2933,0.761,-0.04619999999999999,0.006500000000000061,-0.06569999999999998,0,
tera,ivy-1.1,AllFeatures,random_forest,20,,0.1171,0.3373,0.7407,20,,0.0954,0.3678,0.7365,-0.021699999999999997,-0.0041999999999999815,0.030500000000000027,0,
tera,ivy-1.1,FilterMI,lightgbm,5,,0.2137,0.35,0.7108,5,,0.28,0.3951,0.7205,0.06630000000000003,0.009700000000000042,0.04510000000000003,0,
tera,ivy-1.1,FilterMI,random_forest,5,,0.2131,0.3855,0.6939,5,,0.2131,0.3855,0.7063,0.0,0.012400000000000078,0.0,0,
tera,ivy-1.1,WrapperRFE,lightgbm,5,,0.2246,0.2703,0.6479,5,,0.2571,0.3158,0.6341,0.0325,-0.013800000000000034,0.04550000000000004,0,
tera,ivy-1.1,WrapperRFE,random_forest,5,,0.2752,0.4889,0.6517,5,,0.2452,0.4545,0.6448,-0.03,-0.006899999999999906,-0.034399999999999986,0,
tera,ivy-1.4,AEFS,lightgbm,5,0.75,0.0143,0.0714,0.7591,5,0.771,0.075,0.1333,0.7602,0.0607,0.0010999999999999899,0.0619,0,0.02100000000000002
tera,ivy-1.4,AEFS,random_forest,5,0.75,0.0988,0.1754,0.6602,5,0.771,0.1111,0.1852,0.6682,0.012300000000000005,0.008000000000000007,0.009800000000000003,0,0.02100000000000002
tera,ivy-1.4,Ablation_no2D,lightgbm,5,,0.0143,0.0714,0.7591,5,,0.075,0.1333,0.7602,0.0607,0.0010999999999999899,0.0619,0,
tera,ivy-1.4,Ablation_no2D,random_forest,5,,0.0988,0.1754,0.6602,5,,0.1111,0.1852,0.6682,0.012300000000000005,0.008000000000000007,0.009800000000000003,0,
tera,ivy-1.4,AllFeatures,lightgbm,20,,0.0614,0.125,0.7324,20,,0.0552,0.1212,0.7295,-0.006200000000000004,-0.0029000000000000137,-0.003799999999999998,0,
tera,ivy-1.4,AllFeatures,random_forest,20,,-0.0264,0.0741,0.6875,20,,0.0988,0.1754,0.6895,0.1252,0.0020000000000000018,0.1013,0,
tera,ivy-1.4,FilterMI,lightgbm,5,,0.161,0.2222,0.7131,5,,0.2123,0.2623,0.7136,0.051299999999999985,0.000500000000000056,0.04009999999999997,0,
tera,ivy-1.4,FilterMI,random_forest,5,,0.1741,0.2286,0.6719,5,,0.0939,0.1714,0.6612,-0.08020000000000001,-0.010700000000000043,-0.0572,0,
tera,ivy-1.4,WrapperRFE,lightgbm,5,,0.0819,0.1538,0.6233,5,,0.0715,0.1463,0.6503,-0.010400000000000006,0.027000000000000024,-0.007499999999999979,0,
tera,ivy-1.4,WrapperRFE,random_forest,5,,0.1187,0.1905,0.677,5,,0.1694,0.2295,0.6811,0.050699999999999995,0.0040999999999999925,0.03900000000000001,0,
tera,ivy-2.0,AEFS,lightgbm,5,0.816,0.2612,0.24,0.6592,5,0.7728,0.3132,0.3836,0.6956,0.05199999999999999,0.03639999999999999,0.1436,0,-0.043199999999999905
tera,ivy-2.0,AEFS,random_forest,5,0.816,0.2681,0.3467,0.7057,5,0.7728,0.1881,0.297,0.6902,-0.08000000000000002,-0.015499999999999958,-0.04970000000000002,0,-0.043199999999999905
tera,ivy-2.0,Ablation_no2D,lightgbm,5,,0.2612,0.24,0.6592,5,,0.3132,0.3836,0.6956,0.05199999999999999,0.03639999999999999,0.1436,0,
tera,ivy-2.0,Ablation_no2D,random_forest,5,,0.2681,0.3467,0.7005,5,,0.1881,0.297,0.6902,-0.08000000000000002,-0.010299999999999976,-0.04970000000000002,0,
tera,ivy-2.0,AllFeatures,lightgbm,20,,0.2549,0.3377,0.7207,20,,0.3281,0.4,0.7314,0.07319999999999999,0.010700000000000043,0.06230000000000002,0,
tera,ivy-2.0,AllFeatures,random_forest,20,,0.2573,0.3516,0.7383,20,,0.2875,0.3789,0.7369,0.030200000000000005,-0.0013999999999999568,0.02729999999999999,0,
tera,ivy-2.0,FilterMI,lightgbm,5,,0.3585,0.4275,0.7893,5,,0.3513,0.4211,0.7878,-0.007199999999999984,-0.0015000000000000568,-0.006400000000000017,0,
tera,ivy-2.0,FilterMI,random_forest,5,,0.2586,0.3548,0.7828,5,,0.2693,0.3636,0.7738,0.010699999999999987,-0.009000000000000008,0.008799999999999975,0,
tera,ivy-2.0,WrapperRFE,lightgbm,5,,0.312,0.3967,0.7719,5,,0.2982,0.3866,0.7768,-0.013799999999999979,0.0049000000000000155,-0.010099999999999998,0,
tera,ivy-2.0,WrapperRFE,random_forest,5,,0.2517,0.3492,0.7135,5,,0.2375,0.3387,0.7277,-0.01419999999999999,0.01419999999999999,-0.01050000000000001,0,
tera,jedit-3.2,AEFS,lightgbm,5,0.783,0.2871,0.384,0.7942,5,0.8811,0.3106,0.4,0.7957,0.023499999999999965,0.0014999999999999458,0.016000000000000014,0,0.09809999999999997
tera,jedit-3.2,AEFS,random_forest,5,0.783,0.3412,0.4895,0.7577,5,0.8811,0.3195,0.4681,0.7575,-0.021699999999999997,-0.000200000000000089,-0.021399999999999975,0,0.09809999999999997
tera,jedit-3.2,Ablation_no2D,lightgbm,5,,0.2871,0.384,0.7942,5,,0.3106,0.4,0.7957,0.023499999999999965,0.0014999999999999458,0.016000000000000014,0,
tera,jedit-3.2,Ablation_no2D,random_forest,5,,0.3412,0.4895,0.7577,5,,0.3195,0.4681,0.7541,-0.021699999999999997,-0.0036000000000000476,-0.021399999999999975,0,
tera,jedit-3.2,AllFeatures,lightgbm,20,,0.3455,0.4286,0.7408,20,,0.3686,0.4444,0.7594,0.02310000000000001,0.01859999999999995,0.015800000000000036,0,
tera,jedit-3.2,AllFeatures,random_forest,20,,0.4718,0.6053,0.8764,20,,0.4993,0.6174,0.8792,0.027500000000000024,0.0028000000000000247,0.0121,0,
tera,jedit-3.2,FilterMI,lightgbm,5,,0.3558,0.535,0.6986,5,,0.3903,0.5548,0.6981,0.034499999999999975,-0.0004999999999999449,0.01979999999999993,0,
tera,jedit-3.2,FilterMI,random_forest,5,,0.4024,0.5696,0.8081,5,,0.4288,0.586,0.8044,0.026400000000000035,-0.0037000000000000366,0.01639999999999997,0,
tera,jedit-3.2,WrapperRFE,lightgbm,5,,0.1933,0.3485,0.7088,5,,0.1807,0.3359,0.7069,-0.0126,-0.0019000000000000128,-0.0126,0,
tera,jedit-3.2,WrapperRFE,random_forest,5,,0.4321,0.5676,0.8294,5,,0.4421,0.5772,0.8287,0.010000000000000009,-0.0007000000000000339,0.009600000000000053,0,
tera,jedit-4.0,AEFS,lightgbm,5,0.777,0.4214,0.5203,0.8001,5,0.7789,0.4002,0.5156,0.8007,-0.021199999999999997,0.0005999999999999339,-0.0047000000000000375,0,0.0019000000000000128
tera,jedit-4.0,AEFS,random_forest,5,0.777,0.4091,0.5563,0.7897,5,0.7789,0.4091,0.5563,0.7964,0.0,0.006700000000000039,0.0,0,0.0019000000000000128
tera,jedit-4.0,Ablation_no2D,lightgbm,5,,0.4214,0.5203,0.8001,5,,0.4002,0.5156,0.8007,-0.021199999999999997,0.0005999999999999339,-0.0047000000000000375,0,
tera,jedit-4.0,Ablation_no2D,random_forest,5,,0.4091,0.5563,0.7897,5,,0.4091,0.5563,0.7964,0.0,0.006700000000000039,0.0,0,
tera,jedit-4.0,AllFeatures,lightgbm,20,,0.4582,0.5378,0.8042,20,,0.4701,0.55,0.8054,0.011900000000000022,0.0011999999999999789,0.0122000000000001,0,
tera,jedit-4.0,AllFeatures,random_forest,20,,0.4536,0.5949,0.8468,20,,0.4669,0.6013,0.8496,0.013299999999999979,0.0028000000000000247,0.006399999999999961,0,
tera,jedit-4.0,FilterMI,lightgbm,5,,0.4022,0.559,0.7507,5,,0.4192,0.5714,0.7472,0.017000000000000015,-0.0035000000000000586,0.012399999999999967,0,
tera,jedit-4.0,FilterMI,random_forest,5,,0.4153,0.56,0.7977,5,,0.4381,0.5789,0.8009,0.022799999999999987,0.0031999999999999806,0.018899999999999917,0,
tera,jedit-4.0,WrapperRFE,lightgbm,5,,0.3089,0.4355,0.7452,5,,0.2734,0.4127,0.7419,-0.03550000000000003,-0.0032999999999999696,-0.022799999999999987,0,
tera,jedit-4.0,WrapperRFE,random_forest,5,,0.2745,0.4575,0.7593,5,,0.2637,0.4516,0.7595,-0.010800000000000032,0.00019999999999997797,-0.005900000000000016,0,
tera,jedit-4.1,AEFS,lightgbm,5,0.775,0.4805,0.5299,0.7505,5,0.7507,0.5142,0.5738,0.8353,0.03370000000000001,0.0848000000000001,0.04389999999999994,0,-0.02429999999999999
tera,jedit-4.1,AEFS,random_forest,5,0.775,0.4509,0.5652,0.7636,5,0.7507,0.4266,0.5638,0.8307,-0.024300000000000044,0.06710000000000005,-0.0014000000000000679,0,-0.02429999999999999
tera,jedit-4.1,Ablation_no2D,lightgbm,5,,0.4805,0.5299,0.7505,5,,0.5142,0.5738,0.8353,0.03370000000000001,0.0848000000000001,0.04389999999999994,0,
tera,jedit-4.1,Ablation_no2D,random_forest,5,,0.4509,0.5652,0.7636,5,,0.4266,0.5638,0.8307,-0.024300000000000044,0.06710000000000005,-0.0014000000000000679,0,
tera,jedit-4.1,AllFeatures,lightgbm,20,,0.4895,0.5802,0.8127,20,,0.4784,0.5692,0.8188,-0.011099999999999999,0.006099999999999994,-0.01100000000000001,0,
tera,jedit-4.1,AllFeatures,random_forest,20,,0.4266,0.5638,0.842,20,,0.4333,0.5676,0.8408,0.006700000000000039,-0.0011999999999999789,0.0038000000000000256,0,
tera,jedit-4.1,FilterMI,lightgbm,5,,0.473,0.5857,0.8399,5,,0.4809,0.6104,0.8411,0.007900000000000018,0.0011999999999999789,0.024700000000000055,0,
tera,jedit-4.1,FilterMI,random_forest,5,,0.3912,0.5248,0.8331,5,,0.3704,0.5139,0.8307,-0.020799999999999985,-0.0023999999999999577,-0.01090000000000002,0,
tera,jedit-4.1,WrapperRFE,lightgbm,5,,0.4294,0.5915,0.8231,5,,0.432,0.5786,0.8119,0.002599999999999991,-0.011200000000000099,-0.012900000000000023,0,
tera,jedit-4.1,WrapperRFE,random_forest,5,,0.3527,0.5217,0.8258,5,,0.4273,0.5732,0.8369,0.0746,0.011099999999999999,0.05149999999999999,0,
tera,jedit-4.2,AEFS,lightgbm,5,0.744,0.4612,0.537,0.8546,5,0.7554,0.4894,0.5593,0.8476,0.028200000000000003,-0.007000000000000006,0.022299999999999986,0,0.011399999999999966
tera,jedit-4.2,AEFS,random_forest,5,0.744,0.3683,0.4587,0.828,5,0.7554,0.3658,0.4576,0.8273,-0.0025000000000000022,-0.0006999999999999229,-0.0010999999999999899,0,0.011399999999999966
tera,jedit-4.2,Ablation_no2D,lightgbm,5,,0.4612,0.537,0.8546,5,,0.4894,0.5593,0.8476,0.028200000000000003,-0.007000000000000006,0.022299999999999986,0,
tera,jedit-4.2,Ablation_no2D,random_forest,5,,0.3683,0.4587,0.828,5,,0.3658,0.4576,0.8273,-0.0025000000000000022,-0.0006999999999999229,-0.0010999999999999899,0,
tera,jedit-4.2,AllFeatures,lightgbm,20,,0.4484,0.5246,0.856,20,,0.3925,0.4793,0.8445,-0.055900000000000005,-0.011499999999999955,-0.04529999999999995,0,
tera,jedit-4.2,AllFeatures,random_forest,20,,0.527,0.5913,0.8703,20,,0.5061,0.5739,0.8635,-0.02090000000000003,-0.006799999999999917,-0.017400000000000082,0,
tera,jedit-4.2,FilterMI,lightgbm,5,,0.392,0.4606,0.8183,5,,0.3603,0.439,0.8156,-0.031700000000000006,-0.0027000000000000357,-0.021600000000000008,0,
tera,jedit-4.2,FilterMI,random_forest,5,,0.3273,0.4262,0.8022,5,,0.2953,0.4,0.7971,-0.03199999999999997,-0.005099999999999993,-0.0262,0,
tera,jedit-4.2,WrapperRFE,lightgbm,5,,0.3431,0.4386,0.8052,5,,0.3248,0.422,0.8075,-0.01830000000000004,0.0022999999999999687,-0.016600000000000004,0,
tera,jedit-4.2,WrapperRFE,random_forest,5,,0.3431,0.4386,0.8138,5,,0.3593,0.4522,0.8153,0.016199999999999992,0.0015000000000000568,0.013600000000000001,0,
tera,jedit-4.3,AEFS,lightgbm,5,0.802,0.1783,0.1299,0.8068,5,0.7579,0.1598,0.1136,0.8396,-0.01849999999999999,0.03280000000000005,-0.01629999999999998,0,-0.04410000000000003
tera,jedit-4.3,AEFS,random_forest,5,0.802,0.1222,0.0847,0.7468,5,0.7579,0.1733,0.1111,0.8745,0.051100000000000007,0.12770000000000004,0.026400000000000007,0,-0.04410000000000003
tera,jedit-4.3,Ablation_no2D,lightgbm,5,,0.1783,0.1299,0.8068,5,,0.1598,0.1136,0.8396,-0.01849999999999999,0.03280000000000005,-0.01629999999999998,0,
tera,jedit-4.3,Ablation_no2D,random_forest,5,,0.1222,0.0847,0.7468,5,,0.1733,0.1111,0.8745,0.051100000000000007,0.12770000000000004,0.026400000000000007,0,
tera,jedit-4.3,AllFeatures,lightgbm,20,,0.1609,0.1017,0.7909,20,,0.1598,0.1008,0.7845,-0.0010999999999999899,-0.006400000000000072,-0.000899999999999998,0,
tera,jedit-4.3,AllFeatures,random_forest,20,,0.1077,0.0752,0.8264,20,,0.1086,0.0758,0.8154,0.000899999999999998,-0.01100000000000001,0.0006000000000000033,0,
tera,jedit-4.3,FilterMI,lightgbm,5,,0.1483,0.0828,0.8674,5,,0.1391,0.0773,0.8679,-0.009199999999999986,0.000500000000000056,-0.005500000000000005,0,
tera,jedit-4.3,FilterMI,random_forest,5,,0.1274,0.0789,0.8343,5,,0.1308,0.0811,0.8363,0.0033999999999999864,0.0020000000000000018,0.0022000000000000075,0,
tera,jedit-4.3,WrapperRFE,lightgbm,5,,0.1201,0.0833,0.7883,5,,0.1151,0.08,0.7971,-0.0050000000000000044,0.00880000000000003,-0.0032999999999999974,0,
tera,jedit-4.3,WrapperRFE,random_forest,5,,0.1095,0.0763,0.8255,5,,0.1095,0.0763,0.8132,0.0,-0.012299999999999978,0.0,0,
tera,kalkulator,AEFS,lightgbm,5,0.775,0.0,0.0,0.7421,5,0.7435,0.1429,0.3333,0.6548,0.1429,-0.08729999999999993,0.3333,0,-0.03149999999999997
tera,kalkulator,AEFS,random_forest,5,0.775,0.2039,0.3636,0.7262,5,0.7435,0.2385,0.4286,0.6627,0.03459999999999999,-0.0635,0.065,0,-0.03149999999999997
tera,kalkulator,Ablation_no2D,lightgbm,5,,0.0,0.0,0.7421,5,,0.1429,0.3333,0.6548,0.1429,-0.08729999999999993,0.3333,0,
tera,kalkulator,Ablation_no2D,random_forest,5,,0.2039,0.3636,0.7262,5,,0.2385,0.4286,0.6627,0.03459999999999999,-0.0635,0.065,0,
tera,kalkulator,AllFeatures,lightgbm,20,,-0.0255,0.1818,0.5437,20,,-0.1512,0.0,0.4802,-0.1257,-0.06349999999999995,-0.1818,0,
tera,kalkulator,AllFeatures,random_forest,20,,0.0945,0.2222,0.4484,20,,-0.0255,0.1818,0.504,-0.12,0.05559999999999998,-0.04040000000000002,0,
tera,kalkulator,FilterMI,lightgbm,5,,0.378,0.4444,0.7103,5,,0.0945,0.2222,0.5833,-0.2835,-0.127,-0.2222,0,
tera,kalkulator,FilterMI,random_forest,5,,0.189,0.25,0.5357,5,,0.189,0.25,0.6071,0.0,0.07140000000000002,0.0,0,
tera,kalkulator,WrapperRFE,lightgbm,5,,0.3669,0.2857,0.5516,5,,0.3669,0.2857,0.5754,0.0,0.023800000000000043,0.0,0,
tera,kalkulator,WrapperRFE,random_forest,5,,-0.2548,0.0,0.3452,5,,-0.0714,0.1667,0.3532,0.1834,0.008000000000000007,0.1667,0,
tera,log4j-1.0,AEFS,lightgbm,5,0.755,0.2364,0.386,0.6884,5,0.7748,0.1945,0.2917,0.734,-0.04189999999999999,0.045599999999999974,-0.0943,0,0.01980000000000004
tera,log4j-1.0,AEFS,random_forest,5,0.755,0.1894,0.4156,0.6439,5,0.7748,0.1581,0.3636,0.6,-0.03130000000000002,-0.04390000000000005,-0.052000000000000046,0,0.01980000000000004
tera,log4j-1.0,Ablation_no2D,lightgbm,5,,0.2364,0.386,0.6884,5,,0.1945,0.2917,0.734,-0.04189999999999999,0.045599999999999974,-0.0943,0,
tera,log4j-1.0,Ablation_no2D,random_forest,5,,0.1894,0.4156,0.6439,5,,0.1581,0.3636,0.6,-0.03130000000000002,-0.04390000000000005,-0.052000000000000046,0,
tera,log4j-1.0,AllFeatures,lightgbm,20,,0.2506,0.4068,0.7516,20,,0.2218,0.3934,0.7414,-0.028799999999999992,-0.010200000000000098,-0.013399999999999967,0,
tera,log4j-1.0,AllFeatures,random_forest,20,,0.2871,0.4941,0.7097,20,,0.2971,0.5,0.7054,0.009999999999999953,-0.0042999999999999705,0.005900000000000016,0,
tera,log4j-1.0,FilterMI,lightgbm,5,,0.3909,0.5,0.7702,5,,0.4179,0.5263,0.7621,0.02699999999999997,-0.008099999999999996,0.02629999999999999,0,
tera,log4j-1.0,FilterMI,random_forest,5,,0.2519,0.4706,0.6401,5,,0.2519,0.4706,0.6421,0.0,0.0020000000000000018,0.0,0,
tera,log4j-1.0,WrapperRFE,lightgbm,5,,0.2155,0.4359,0.6922,5,,0.2775,0.481,0.7076,0.06200000000000003,0.01539999999999997,0.04509999999999997,0,
tera,log4j-1.0,WrapperRFE,random_forest,5,,0.1414,0.4124,0.6409,5,,0.1502,0.4167,0.6302,0.008800000000000002,-0.010700000000000043,0.004300000000000026,0,
tera,log4j-1.1,AEFS,lightgbm,5,0.75,0.244,0.2667,0.7451,5,0.7435,0.2101,0.2917,0.7429,-0.033899999999999986,-0.0021999999999999797,0.025000000000000022,0,-0.00649999999999995
tera,log4j-1.1,AEFS,random_forest,5,0.75,0.2089,0.4478,0.5604,5,0.7435,0.1107,0.3692,0.5131,-0.0982,-0.04730000000000001,-0.0786,0,-0.00649999999999995
tera,log4j-1.1,Ablation_no2D,lightgbm,5,,0.244,0.2667,0.7451,5,,0.2101,0.2917,0.7429,-0.033899999999999986,-0.0021999999999999797,0.025000000000000022,0,
tera,log4j-1.1,Ablation_no2D,random_forest,5,,0.2089,0.4478,0.5604,5,,0.1107,0.3692,0.5131,-0.0982,-0.04730000000000001,-0.0786,0,
tera,log4j-1.1,AllFeatures,lightgbm,20,,0.3323,0.4231,0.7016,20,,0.3596,0.4528,0.7102,0.02729999999999999,0.008600000000000052,0.029700000000000004,0,
tera,log4j-1.1,AllFeatures,random_forest,20,,0.2286,0.5063,0.5961,20,,0.3083,0.557,0.6126,0.07970000000000002,0.01650000000000007,0.05070000000000008,0,
tera,log4j-1.1,FilterMI,lightgbm,5,,0.3415,0.5,0.7735,5,,0.3672,0.5246,0.775,0.0257,0.0015000000000000568,0.024599999999999955,0,
tera,log4j-1.1,FilterMI,random_forest,5,,0.0655,0.4318,0.5565,5,,0.0655,0.4318,0.5629,0.0,0.006399999999999961,0.0,0,
tera,log4j-1.1,WrapperRFE,lightgbm,5,,0.2792,0.4074,0.7187,5,,0.3326,0.4444,0.7318,0.0534,0.0131,0.03700000000000003,0,
tera,log4j-1.1,WrapperRFE,random_forest,5,,0.1072,0.439,0.5672,5,,0.0679,0.4146,0.5571,-0.0393,-0.010099999999999998,-0.024399999999999977,0,
tera,log4j-1.2,AEFS,lightgbm,5,0.785,0.099,0.2105,0.58,5,0.7789,0.0456,0.218,0.5178,-0.0534,-0.06219999999999992,0.007500000000000007,0,-0.006099999999999994
tera,log4j-1.2,AEFS,random_forest,5,0.785,-0.0123,0.3036,0.513,5,0.7789,-0.0323,0.2648,0.5053,-0.020000000000000004,-0.00770000000000004,-0.0388,0,-0.006099999999999994
tera,log4j-1.2,Ablation_no2D,lightgbm,5,,0.099,0.2105,0.58,5,,0.0456,0.218,0.5178,-0.0534,-0.06219999999999992,0.007500000000000007,0,
tera,log4j-1.2,Ablation_no2D,random_forest,5,,-0.0123,0.3036,0.513,5,,-0.0323,0.2648,0.5053,-0.020000000000000004,-0.00770000000000004,-0.0388,0,
tera,log4j-1.2,AllFeatures,lightgbm,20,,0.0939,0.1932,0.5736,20,,0.104,0.2275,0.5533,0.010099999999999998,-0.020299999999999985,0.0343,0,
tera,log4j-1.2,AllFeatures,random_forest,20,,0.058,0.3636,0.5925,20,,0.055,0.3565,0.5913,-0.0030000000000000027,-0.0011999999999999789,-0.007099999999999995,0,
tera,log4j-1.2,FilterMI,lightgbm,5,,0.0043,0.2419,0.4834,5,,0.059,0.2512,0.4952,0.0547,0.011799999999999977,0.009299999999999975,0,
tera,log4j-1.2,FilterMI,random_forest,5,,-0.0028,0.4083,0.5952,5,,0.0312,0.3966,0.6039,0.033999999999999996,0.008700000000000041,-0.011699999999999988,0,
tera,log4j-1.2,WrapperRFE,lightgbm,5,,0.0525,0.2347,0.4982,5,,0.0558,0.243,0.523,0.0033000000000000043,0.024800000000000044,0.008300000000000002,0,
tera,log4j-1.2,WrapperRFE,random_forest,5,,-0.0281,0.2727,0.5237,5,,0.0397,0.32,0.534,0.0678,0.010299999999999976,0.04730000000000001,0,
tera,lucene-2.0,AEFS,lightgbm,5,0.77,0.2453,0.2909,0.7324,5,0.7044,0.2453,0.2909,0.7314,0.0,-0.0010000000000000009,0.0,0,-0.06559999999999999
tera,lucene-2.0,AEFS,random_forest,5,0.77,0.2274,0.5256,0.6226,5,0.7044,0.0717,0.4133,0.5303,-0.1557,-0.09230000000000005,-0.11229999999999996,0,-0.06559999999999999
tera,lucene-2.0,Ablation_no2D,lightgbm,5,,0.2453,0.2909,0.7324,5,,0.2453,0.2909,0.7314,0.0,-0.0010000000000000009,0.0,0,
tera,lucene-2.0,Ablation_no2D,random_forest,5,,0.2274,0.5256,0.6226,5,,0.0717,0.4133,0.5303,-0.1557,-0.09230000000000005,-0.11229999999999996,0,
tera,lucene-2.0,AllFeatures,lightgbm,20,,0.3,0.4,0.7054,20,,0.2653,0.3934,0.7082,-0.03470000000000001,0.0028000000000000247,-0.006599999999999995,0,
tera,lucene-2.0,AllFeatures,random_forest,20,,0.1665,0.5506,0.6289,20,,0.1901,0.5761,0.6319,0.023599999999999982,0.0030000000000000027,0.025499999999999967,0,
tera,lucene-2.0,FilterMI,lightgbm,5,,0.3235,0.5479,0.7036,5,,0.3131,0.5379,0.6891,-0.01040000000000002,-0.014499999999999957,-0.010000000000000009,0,
tera,lucene-2.0,FilterMI,random_forest,5,,0.1826,0.582,0.5942,5,,0.1631,0.5759,0.5966,-0.019500000000000017,0.0024000000000000687,-0.006099999999999994,0,
tera,lucene-2.0,WrapperRFE,lightgbm,5,,0.2328,0.4861,0.6754,5,,0.2707,0.4545,0.684,0.03789999999999999,0.008600000000000052,-0.03159999999999996,0,
tera,lucene-2.0,WrapperRFE,random_forest,5,,0.1447,0.5341,0.591,5,,0.1207,0.5,0.5731,-0.023999999999999994,-0.017899999999999916,-0.03410000000000002,0,
tera,lucene-2.2,AEFS,lightgbm,5,0.785,0.115,0.2381,0.602,5,0.7789,0.1241,0.2485,0.6035,0.009099999999999997,0.0015000000000000568,0.010399999999999993,0,-0.006099999999999994
tera,lucene-2.2,AEFS,random_forest,5,0.785,0.1132,0.4843,0.5402,5,0.7789,0.1097,0.4727,0.541,-0.0034999999999999892,0.0008000000000000229,-0.0116,0,-0.006099999999999994
tera,lucene-2.2,Ablation_no2D,lightgbm,5,,0.115,0.2381,0.602,5,,0.1241,0.2485,0.6035,0.009099999999999997,0.0015000000000000568,0.010399999999999993,0,
tera,lucene-2.2,Ablation_no2D,random_forest,5,,0.1132,0.4843,0.5402,5,,0.1097,0.4727,0.541,-0.0034999999999999892,0.0008000000000000229,-0.0116,0,
tera,lucene-2.2,AllFeatures,lightgbm,20,,0.1343,0.3529,0.6011,20,,0.1605,0.3407,0.6058,0.0262,0.0047000000000000375,-0.012199999999999989,0,
tera,lucene-2.2,AllFeatures,random_forest,20,,0.129,0.5551,0.5994,20,,0.1696,0.5772,0.6011,0.0406,0.0016999999999999238,0.02210000000000001,0,
tera,lucene-2.2,FilterMI,lightgbm,5,,0.1213,0.3878,0.6077,5,,0.1363,0.404,0.5956,0.015,-0.0121,0.016200000000000048,0,
tera,lucene-2.2,FilterMI,random_forest,5,,0.1619,0.5447,0.5819,5,,0.1688,0.5508,0.5819,0.006900000000000017,0.0,0.006099999999999994,0,
tera,lucene-2.2,WrapperRFE,lightgbm,5,,0.1441,0.377,0.6211,5,,0.0998,0.3404,0.614,-0.044300000000000006,-0.007099999999999995,-0.03660000000000002,0,
tera,lucene-2.2,WrapperRFE,random_forest,5,,0.2063,0.5774,0.5948,5,,0.1995,0.5714,0.5978,-0.0068000000000000005,0.0030000000000000027,-0.006000000000000005,0,
tera,lucene-2.4,AEFS,lightgbm,5,0.788,0.1699,0.2553,0.7066,5,0.7769,0.1243,0.2308,0.6962,-0.0456,-0.010399999999999965,-0.024500000000000022,0,-0.011099999999999999
tera,lucene-2.4,AEFS,random_forest,5,0.788,0.1573,0.4311,0.5739,5,0.7769,0.1663,0.4326,0.5756,0.009000000000000008,0.0017000000000000348,0.0015000000000000013,0,-0.011099999999999999
tera,lucene-2.4,Ablation_no2D,lightgbm,5,,0.1699,0.2553,0.7066,5,,0.1243,0.2308,0.6962,-0.0456,-0.010399999999999965,-0.024500000000000022,0,
tera,lucene-2.4,Ablation_no2D,random_forest,5,,0.1573,0.4311,0.5739,5,,0.1663,0.4326,0.5756,0.009000000000000008,0.0017000000000000348,0.0015000000000000013,0,
tera,lucene-2.4,AllFeatures,lightgbm,20,,0.187,0.3465,0.6577,20,,0.1813,0.3629,0.6588,-0.005700000000000011,0.001100000000000101,0.016400000000000026,0,
tera,lucene-2.4,AllFeatures,random_forest,20,,0.2187,0.5563,0.6092,20,,0.2031,0.5528,0.6104,-0.015600000000000003,0.0012000000000000899,-0.0035000000000000586,0,
tera,lucene-2.4,FilterMI,lightgbm,5,,0.218,0.3846,0.565,5,,0.202,0.3878,0.5511,-0.015999999999999986,-0.013899999999999912,0.0031999999999999806,0,
tera,lucene-2.4,FilterMI,random_forest,5,,0.2141,0.5338,0.5599,5,,0.2156,0.5414,0.5651,0.0015000000000000013,0.0052000000000000934,0.00759999999999994,0,
tera,lucene-2.4,WrapperRFE,lightgbm,5,,0.1092,0.4407,0.5756,5,,0.1213,0.46,0.5717,0.0121,-0.0039000000000000146,0.01930000000000004,0,
tera,lucene-2.4,WrapperRFE,random_forest,5,,0.0303,0.4955,0.5419,5,,0.0083,0.4911,0.5363,-0.022,-0.005600000000000049,-0.004400000000000015,0,
tera,nieruchomosci,AEFS,lightgbm,5,0.785,0.0685,0.1667,0.7062,5,0.7151,-0.1581,0.0,0.5188,-0.2266,-0.1874,-0.1667,0,-0.06990000000000007
tera,nieruchomosci,AEFS,random_forest,5,0.785,0.216,0.4,0.575,5,0.7151,-0.118,0.1429,0.4062,-0.33399999999999996,-0.16879999999999995,-0.2571,0,-0.06990000000000007
tera,nieruchomosci,Ablation_no2D,lightgbm,5,,0.0685,0.1667,0.7062,5,,-0.1581,0.0,0.5188,-0.2266,-0.1874,-0.1667,0,
tera,nieruchomosci,Ablation_no2D,random_forest,5,,0.216,0.4,0.575,5,,-0.118,0.1429,0.4062,-0.33399999999999996,-0.16879999999999995,-0.2571,0,
tera,nieruchomosci,AllFeatures,lightgbm,20,,0.0685,0.1667,0.7188,20,,0.253,0.1818,0.6625,0.1845,-0.05630000000000002,0.015100000000000002,0,
tera,nieruchomosci,AllFeatures,random_forest,20,,0.1011,0.2857,0.7438,20,,0.1011,0.2857,0.7312,0.0,-0.012600000000000056,0.0,0,
tera,nieruchomosci,FilterMI,lightgbm,5,,0.0685,0.1667,0.4812,5,,-0.1581,0.0,0.4937,-0.2266,0.012500000000000011,-0.1667,0,
tera,nieruchomosci,FilterMI,random_forest,5,,0.0154,0.2667,0.5938,5,,0.1011,0.2857,0.6,0.0857,0.006199999999999983,0.019000000000000017,0,
tera,nieruchomosci,WrapperRFE,lightgbm,5,,0.0685,0.1667,0.6688,5,,0.0685,0.1667,0.7125,0.0,0.04370000000000007,0.0,0,
tera,nieruchomosci,WrapperRFE,random_forest,5,,0.0548,0.3529,0.6188,5,,0.0548,0.3529,0.5938,0.0,-0.025000000000000022,0.0,0,
tera,pbeans1,AEFS,lightgbm,5,0.724,0.1095,0.0952,0.3417,5,0.7903,0.1581,0.1818,0.4833,0.04859999999999999,0.1416,0.08659999999999998,0,0.06630000000000003
tera,pbeans1,AEFS,random_forest,5,0.724,0.1095,0.0952,0.4667,5,0.7903,-0.0879,0.1739,0.6833,-0.19740000000000002,0.21660000000000001,0.07869999999999999,0,0.06630000000000003
tera,pbeans1,Ablation_no2D,lightgbm,5,,0.1095,0.0952,0.3417,5,,0.1581,0.1818,0.4833,0.04859999999999999,0.1416,0.08659999999999998,0,
tera,pbeans1,Ablation_no2D,random_forest,5,,0.1095,0.0952,0.4667,5,,-0.0879,0.1739,0.6833,-0.19740000000000002,0.21660000000000001,0.07869999999999999,0,
tera,pbeans1,AllFeatures,lightgbm,20,,0.1581,0.1818,0.3917,20,,0.1581,0.1818,0.3667,0.0,-0.024999999999999967,0.0,0,
tera,pbeans1,AllFeatures,random_forest,20,,0.1095,0.0952,0.7917,20,,0.1581,0.1818,0.7917,0.04859999999999999,0.0,0.08659999999999998,0,
tera,pbeans1,FilterMI,lightgbm,5,,0.1581,0.1818,0.7667,5,,0.1581,0.1818,0.6833,0.0,-0.08340000000000003,0.0,0,
tera,pbeans1,FilterMI,random_forest,5,,0.2335,0.3333,0.7833,5,,0.2335,0.3333,0.7667,0.0,-0.016599999999999948,0.0,0,
tera,pbeans1,WrapperRFE,lightgbm,5,,0.1581,0.1818,0.7083,5,,0.1581,0.1818,0.7417,0.0,0.033399999999999985,0.0,0,
tera,pbeans1,WrapperRFE,random_forest,5,,0.0356,0.32,0.6667,5,,0.0833,0.3846,0.675,0.0477,0.008300000000000085,0.06459999999999999,0,
tera,pbeans2,AEFS,lightgbm,5,0.781,0.407,0.4286,0.7585,5,0.7234,0.2864,0.1818,0.6232,-0.12059999999999998,-0.13529999999999998,-0.2468,0,-0.057599999999999985
tera,pbeans2,AEFS,random_forest,5,0.781,0.3302,0.4444,0.7024,5,0.7234,0.4091,0.3333,0.511,0.07890000000000003,-0.19140000000000001,-0.11110000000000003,0,-0.057599999999999985
tera,pbeans2,Ablation_no2D,lightgbm,5,,0.407,0.4286,0.7585,5,,0.2864,0.1818,0.6232,-0.12059999999999998,-0.13529999999999998,-0.2468,0,
tera,pbeans2,Ablation_no2D,random_forest,5,,0.3302,0.4444,0.7024,5,,0.4091,0.3333,0.511,0.07890000000000003,-0.19140000000000001,-0.11110000000000003,0,
tera,pbeans2,AllFeatures,lightgbm,20,,0.2963,0.3077,0.8049,20,,0.2963,0.3077,0.8244,0.0,0.019500000000000073,0.0,0,
tera,pbeans2,AllFeatures,random_forest,20,,0.4328,0.5,0.8476,20,,0.3354,0.4,0.8415,-0.09740000000000004,-0.006099999999999994,-0.09999999999999998,0,
tera,pbeans2,FilterMI,lightgbm,5,,0.3302,0.4444,0.6317,5,,0.3302,0.4444,0.6683,0.0,0.036599999999999966,0.0,0,
tera,pbeans2,FilterMI,random_forest,5,,0.1389,0.3333,0.778,5,,0.1644,0.3478,0.7756,0.025499999999999995,-0.0024000000000000687,0.014500000000000013,0,
tera,pbeans2,WrapperRFE,lightgbm,5,,0.2963,0.3077,0.8683,5,,0.1693,0.2667,0.6805,-0.127,-0.18779999999999997,-0.04099999999999998,0,
tera,pbeans2,WrapperRFE,random_forest,5,,0.6641,0.7059,0.9268,5,,0.378,0.5,0.6976,-0.2861,-0.22919999999999996,-0.20589999999999997,0,
tera,pdftranslator,AEFS,lightgbm,5,0.816,-0.1614,0.0,0.8426,5,0.7234,0.1936,0.125,0.8037,0.355,-0.038900000000000046,0.125,0,-0.0925999999999999
tera,pdftranslator,AEFS,random_forest,5,0.816,0.2008,0.381,0.7352,5,0.7234,0.1347,0.2222,0.6148,-0.06610000000000002,-0.12039999999999995,-0.1588,0,-0.0925999999999999
tera,pdftranslator,Ablation_no2D,lightgbm,5,,-0.1614,0.0,0.8426,5,,0.1936,0.125,0.8037,0.355,-0.038900000000000046,0.125,0,
tera,pdftranslator,Ablation_no2D,random_forest,5,,0.2008,0.381,0.7389,5,,0.1347,0.2222,0.6148,-0.06610000000000002,-0.12409999999999999,-0.1588,0,
tera,pdftranslator,AllFeatures,lightgbm,20,,0.1936,0.125,0.8667,20,,0.2782,0.2353,0.8556,0.08460000000000001,-0.011099999999999999,0.11030000000000001,0,
tera,pdftranslator,AllFeatures,random_forest,20,,0.3464,0.3333,0.9074,20,,0.3464,0.3333,0.9074,0.0,0.0,0.0,0,
tera,pdftranslator,FilterMI,lightgbm,5,,0.2932,0.4,0.6148,5,,0.2932,0.4,0.637,0.0,0.022199999999999998,0.0,0,
tera,pdftranslator,FilterMI,random_forest,5,,0.1936,0.4348,0.6852,5,,0.2609,0.5,0.7074,0.06730000000000003,0.022199999999999998,0.06519999999999998,0,
tera,pdftranslator,WrapperRFE,lightgbm,5,,0.3357,0.5217,0.8148,5,,0.3357,0.5217,0.8222,0.0,0.007400000000000073,0.0,0,
tera,pdftranslator,WrapperRFE,random_forest,5,,0.1936,0.4348,0.7111,5,,0.2609,0.5,0.6926,0.06730000000000003,-0.01849999999999996,0.06519999999999998,0,
tera,poi-1.5,AEFS,lightgbm,5,0.783,0.1412,0.3253,0.6158,5,0.7722,0.0206,0.284,0.6038,-0.12059999999999998,-0.01200000000000001,-0.0413,0,-0.010800000000000032
tera,poi-1.5,AEFS,random_forest,5,0.783,0.1332,0.5213,0.6516,5,0.7722,0.2072,0.5882,0.6666,0.07399999999999998,0.015000000000000013,0.06689999999999996,0,-0.010800000000000032
tera,poi-1.5,Ablation_no2D,lightgbm,5,,0.1412,0.3253,0.6158,5,,0.0206,0.284,0.6038,-0.12059999999999998,-0.01200000000000001,-0.0413,0,
tera,poi-1.5,Ablation_no2D,random_forest,5,,0.1332,0.5213,0.6516,5,,0.2072,0.5882,0.6666,0.07399999999999998,0.015000000000000013,0.06689999999999996,0,
tera,poi-1.5,AllFeatures,lightgbm,20,,0.2472,0.6288,0.6802,20,,0.2546,0.6348,0.6906,0.00739999999999999,0.010399999999999965,0.006000000000000005,0,
tera,poi-1.5,AllFeatures,random_forest,20,,0.3177,0.678,0.7741,20,,0.3292,0.6917,0.7707,0.01150000000000001,-0.0033999999999999586,0.013699999999999934,0,
tera,poi-1.5,FilterMI,lightgbm,5,,0.1836,0.5429,0.6596,5,,0.191,0.5498,0.6563,0.00739999999999999,-0.0032999999999999696,0.006899999999999906,0,
tera,poi-1.5,FilterMI,random_forest,5,,0.3193,0.6992,0.7286,5,,0.3411,0.7049,0.735,0.02180000000000004,0.006399999999999961,0.005699999999999927,0,
tera,poi-1.5,WrapperRFE,lightgbm,5,,0.1857,0.5268,0.6509,5,,0.2393,0.5604,0.6688,0.05360000000000001,0.017899999999999916,0.03359999999999996,0,
tera,poi-1.5,WrapperRFE,random_forest,5,,0.2064,0.6018,0.6929,5,,0.2137,0.6079,0.6957,0.007300000000000001,0.0028000000000000247,0.006099999999999994,0,
tera,poi-2.0,AEFS,lightgbm,5,0.77,0.0076,0.1875,0.5861,5,0.7588,0.0392,0.208,0.5769,0.031599999999999996,-0.009199999999999986,0.02049999999999999,0,-0.011199999999999988
tera,poi-2.0,AEFS,random_forest,5,0.77,0.0798,0.2451,0.5796,5,0.7588,0.085,0.2475,0.5747,0.00520000000000001,-0.0049000000000000155,0.0023999999999999855,0,-0.011199999999999988
tera,poi-2.0,Ablation_no2D,lightgbm,5,,0.0076,0.1875,0.5861,5,,0.0392,0.208,0.5769,0.031599999999999996,-0.009199999999999986,0.02049999999999999,0,
tera,poi-2.0,Ablation_no2D,random_forest,5,,0.0798,0.2451,0.5796,5,,0.085,0.2475,0.5747,0.00520000000000001,-0.0049000000000000155,0.0023999999999999855,0,
tera,poi-2.0,AllFeatures,lightgbm,20,,-0.0292,0.1878,0.4756,20,,-0.0319,0.1868,0.4688,-0.0026999999999999975,-0.006800000000000028,-0.0010000000000000009,0,
tera,poi-2.0,AllFeatures,random_forest,20,,0.0614,0.2373,0.4761,20,,0.0438,0.2308,0.478,-0.017600000000000005,0.0018999999999999573,-0.006500000000000006,0,
tera,poi-2.0,FilterMI,lightgbm,5,,0.0314,0.2211,0.5521,5,,-0.0033,0.2051,0.5501,-0.034699999999999995,-0.0020000000000000018,-0.015999999999999986,0,
tera,poi-2.0,FilterMI,random_forest,5,,0.0208,0.2222,0.4621,5,,0.0208,0.2222,0.4654,0.0,0.0032999999999999696,0.0,0,
tera,poi-2.0,WrapperRFE,lightgbm,5,,0.0045,0.21,0.4696,5,,-0.0169,0.2,0.457,-0.0214,-0.0126,-0.009999999999999981,0,
tera,poi-2.0,WrapperRFE,random_forest,5,,-0.0135,0.2087,0.4321,5,,-0.0105,0.2096,0.4383,0.002999999999999999,0.006200000000000039,0.0009000000000000119,0,
tera,poi-2.5,AEFS,lightgbm,5,0.781,0.0643,0.2509,0.6237,5,0.8636,0.0522,0.2256,0.6246,-0.012099999999999993,0.0009000000000000119,-0.025300000000000017,0,0.0826
tera,poi-2.5,AEFS,random_forest,5,0.781,-0.0125,0.3144,0.4885,5,0.8636,-0.0072,0.32,0.4863,0.005300000000000001,-0.0021999999999999797,0.005599999999999994,0,0.0826
tera,poi-2.5,Ablation_no2D,lightgbm,5,,0.0643,0.2509,0.6237,5,,0.0522,0.2256,0.6246,-0.012099999999999993,0.0009000000000000119,-0.025300000000000017,0,
tera,poi-2.5,Ablation_no2D,random_forest,5,,-0.0125,0.3144,0.4885,5,,-0.0072,0.32,0.4875,0.005300000000000001,-0.0010000000000000009,0.005599999999999994,0,
tera,poi-2.5,AllFeatures,lightgbm,20,,0.2328,0.5167,0.7289,20,,0.1947,0.4908,0.7246,-0.038099999999999995,-0.0042999999999999705,-0.025900000000000034,0,
tera,poi-2.5,AllFeatures,random_forest,20,,-0.165,0.2866,0.5031,20,,-0.1516,0.293,0.504,0.013399999999999995,0.0009000000000000119,0.006399999999999961,0,
tera,poi-2.5,FilterMI,lightgbm,5,,0.1429,0.4331,0.5996,5,,0.169,0.494,0.6111,0.026100000000000012,0.011499999999999955,0.06090000000000001,0,
tera,poi-2.5,FilterMI,random_forest,5,,-0.1404,0.3178,0.4227,5,,-0.151,0.3072,0.4192,-0.010599999999999998,-0.003500000000000003,-0.010600000000000054,0,
tera,poi-2.5,WrapperRFE,lightgbm,5,,-0.0328,0.231,0.5894,5,,-0.0221,0.2606,0.5898,0.010700000000000001,0.00039999999999995595,0.029599999999999987,0,
tera,poi-2.5,WrapperRFE,random_forest,5,,-0.2326,0.2345,0.4584,5,,-0.2266,0.2403,0.4605,0.006000000000000005,0.0021000000000000463,0.005800000000000027,0,
tera,poi-3.0,AEFS,lightgbm,5,0.771,0.1733,0.3208,0.7312,5,0.7024,0.2158,0.3769,0.7218,0.04249999999999998,-0.009399999999999964,0.05610000000000004,0,-0.0686
tera,poi-3.0,AEFS,random_forest,5,0.771,0.204,0.4933,0.6333,5,0.7024,0.2054,0.4796,0.6635,0.0014000000000000123,0.030200000000000005,-0.01369999999999999,0,-0.0686
tera,poi-3.0,Ablation_no2D,lightgbm,5,,0.1733,0.3208,0.7312,5,,0.2158,0.3769,0.7218,0.04249999999999998,-0.009399999999999964,0.05610000000000004,0,
tera,poi-3.0,Ablation_no2D,random_forest,5,,0.204,0.4933,0.6333,5,,0.2054,0.4796,0.6635,0.0014000000000000123,0.030200000000000005,-0.01369999999999999,0,
tera,poi-3.0,AllFeatures,lightgbm,20,,0.1119,0.3333,0.6324,20,,0.136,0.3717,0.6597,0.02410000000000001,0.02729999999999999,0.03839999999999999,0,
tera,poi-3.0,AllFeatures,random_forest,20,,0.332,0.6444,0.7199,20,,0.2872,0.5955,0.7181,-0.044800000000000006,-0.0018000000000000238,-0.048899999999999944,0,
tera,poi-3.0,FilterMI,lightgbm,5,,0.2881,0.5844,0.7187,5,,0.2859,0.5692,0.71,-0.0022000000000000353,-0.008700000000000041,-0.015199999999999991,0,
tera,poi-3.0,FilterMI,random_forest,5,,0.2722,0.6241,0.6906,5,,0.2651,0.6176,0.6871,-0.007099999999999995,-0.0034999999999999476,-0.00649999999999995,0,
tera,poi-3.0,WrapperRFE,lightgbm,5,,0.2697,0.4972,0.7371,5,,0.2227,0.4489,0.7321,-0.046999999999999986,-0.0050000000000000044,-0.048299999999999954,0,
tera,poi-3.0,WrapperRFE,random_forest,5,,0.2616,0.5985,0.6928,5,,0.2189,0.5735,0.6879,-0.04269999999999999,-0.0049000000000000155,-0.025000000000000022,0,
tera,prop-1,AEFS,lightgbm,5,0.74,0.1787,0.2971,0.6297,5,0.7825,0.1824,0.3125,0.6266,0.003700000000000009,-0.0030999999999999917,0.015400000000000025,0,0.04249999999999998
tera,prop-1,AEFS,random_forest,5,0.74,0.1251,0.3111,0.6014,5,0.7825,0.1293,0.327,0.5941,0.004200000000000009,-0.007300000000000084,0.015900000000000025,0,0.04249999999999998
tera,prop-1,Ablation_no2D,lightgbm,5,,0.1787,0.2971,0.6297,5,,0.1824,0.3125,0.6266,0.003700000000000009,-0.0030999999999999917,0.015400000000000025,0,
tera,prop-1,Ablation_no2D,random_forest,5,,0.1251,0.3111,0.6014,5,,0.1293,0.327,0.5941,0.004200000000000009,-0.007300000000000084,0.015900000000000025,0,
tera,prop-1,AllFeatures,lightgbm,20,,0.2001,0.3278,0.6599,20,,0.2099,0.3363,0.6609,0.009800000000000003,0.0010000000000000009,0.008500000000000008,0,
tera,prop-1,AllFeatures,random_forest,20,,0.16,0.3329,0.6281,20,,0.1638,0.3368,0.627,0.003799999999999998,-0.0010999999999999899,0.0039000000000000146,0,
tera,prop-1,FilterMI,lightgbm,5,,0.1661,0.3652,0.6423,5,,0.179,0.3775,0.6438,0.012899999999999995,0.0015000000000000568,0.012299999999999978,0,
tera,prop-1,FilterMI,random_forest,5,,0.1277,0.3497,0.5995,5,,0.121,0.3427,0.5973,-0.0067000000000000115,-0.0021999999999999797,-0.007000000000000006,0,
tera,prop-1,WrapperRFE,lightgbm,5,,0.1587,0.4055,0.6282,5,,0.1545,0.4025,0.6289,-0.004200000000000009,0.0007000000000000339,-0.0030000000000000027,0,
tera,prop-1,WrapperRFE,random_forest,5,,0.1122,0.362,0.5929,5,,0.1096,0.3609,0.5922,-0.002599999999999991,-0.0007000000000000339,-0.0010999999999999899,0,
tera,prop-2,AEFS,lightgbm,5,0.778,0.1516,0.2116,0.6665,5,0.7789,0.1611,0.248,0.6506,0.00949999999999998,-0.015900000000000025,0.03639999999999999,0,0.0009000000000000119
tera,prop-2,AEFS,random_forest,5,0.778,0.1122,0.2209,0.6084,5,0.7789,0.1411,0.2809,0.6174,0.02890000000000001,0.008999999999999897,0.05999999999999997,0,0.0009000000000000119
tera,prop-2,Ablation_no2D,lightgbm,5,,0.1516,0.2116,0.6665,5,,0.1611,0.248,0.6506,0.00949999999999998,-0.015900000000000025,0.03639999999999999,0,
tera,prop-2,Ablation_no2D,random_forest,5,,0.1122,0.2209,0.6084,5,,0.1411,0.2809,0.6174,0.02890000000000001,0.008999999999999897,0.05999999999999997,0,
tera,prop-2,AllFeatures,lightgbm,20,,0.2019,0.3249,0.7084,20,,0.2189,0.3428,0.7077,0.017000000000000015,-0.0007000000000000339,0.01789999999999997,0,
tera,prop-2,AllFeatures,random_forest,20,,0.1924,0.3307,0.6849,20,,0.1977,0.3351,0.6858,0.005299999999999999,0.0009000000000000119,0.004400000000000015,0,
tera,prop-2,FilterMI,lightgbm,5,,0.1676,0.3051,0.6512,5,,0.1748,0.312,0.6543,0.007200000000000012,0.0030999999999999917,0.006900000000000017,0,
tera,prop-2,FilterMI,random_forest,5,,0.1197,0.277,0.6236,5,,0.1195,0.2761,0.6231,-0.00020000000000000573,-0.000500000000000056,-0.0009000000000000119,0,
tera,prop-2,WrapperRFE,lightgbm,5,,0.1565,0.3116,0.6755,5,,0.158,0.3126,0.6733,0.0015000000000000013,-0.0021999999999999797,0.0010000000000000009,0,
tera,prop-2,WrapperRFE,random_forest,5,,0.0853,0.2617,0.5939,5,,0.0867,0.2629,0.5925,0.0013999999999999985,-0.0013999999999999568,0.0012000000000000344,0,
tera,prop-3,AEFS,lightgbm,5,0.77,0.0968,0.2161,0.615,5,0.7695,0.0837,0.1889,0.6257,-0.0131,0.010700000000000043,-0.027199999999999974,0,-0.000500000000000056
tera,prop-3,AEFS,random_forest,5,0.77,0.067,0.2282,0.5798,5,0.7695,0.0626,0.2315,0.5869,-0.004400000000000001,0.007099999999999995,0.003300000000000025,0,-0.000500000000000056
tera,prop-3,Ablation_no2D,lightgbm,5,,0.0968,0.2161,0.615,5,,0.0837,0.1889,0.6257,-0.0131,0.010700000000000043,-0.027199999999999974,0,
tera,prop-3,Ablation_no2D,random_forest,5,,0.067,0.2282,0.5798,5,,0.0626,0.2315,0.5869,-0.004400000000000001,0.007099999999999995,0.003300000000000025,0,
tera,prop-3,AllFeatures,lightgbm,20,,0.0855,0.201,0.6303,20,,0.093,0.21,0.6403,0.007499999999999993,0.010000000000000009,0.00899999999999998,0,
tera,prop-3,AllFeatures,random_forest,20,,0.0876,0.2216,0.5997,20,,0.0856,0.2303,0.6002,-0.0020000000000000018,0.0004999999999999449,0.008700000000000013,0,
tera,prop-3,FilterMI,lightgbm,5,,0.0875,0.2384,0.5949,5,,0.0993,0.2486,0.593,0.011800000000000005,-0.0019000000000000128,0.010199999999999987,0,
tera,prop-3,FilterMI,random_forest,5,,0.0611,0.2447,0.5529,5,,0.0573,0.2447,0.5515,-0.0038000000000000048,-0.0013999999999999568,0.0,0,
tera,prop-3,WrapperRFE,lightgbm,5,,0.0988,0.2683,0.6087,5,,0.1032,0.2823,0.6078,0.004400000000000001,-0.0009000000000000119,0.014000000000000012,0,
tera,prop-3,WrapperRFE,random_forest,5,,0.063,0.2739,0.561,5,,0.0583,0.2673,0.561,-0.004700000000000003,0.0,-0.006599999999999995,0,
tera,prop-4,AEFS,lightgbm,5,0.779,0.2265,0.3435,0.6497,5,0.7024,0.2082,0.3169,0.6539,-0.01830000000000001,0.0041999999999999815,-0.026600000000000013,0,-0.0766
tera,prop-4,AEFS,random_forest,5,0.779,0.1579,0.3139,0.6178,5,0.7024,0.1396,0.2995,0.6059,-0.01830000000000001,-0.011900000000000022,-0.014400000000000024,0,-0.0766
tera,prop-4,Ablation_no2D,lightgbm,5,,0.2265,0.3435,0.6497,5,,0.2082,0.3169,0.6539,-0.01830000000000001,0.0041999999999999815,-0.026600000000000013,0,
tera,prop-4,Ablation_no2D,random_forest,5,,0.1579,0.3139,0.6178,5,,0.1396,0.2995,0.6059,-0.01830000000000001,-0.011900000000000022,-0.014400000000000024,0,
tera,prop-4,AllFeatures,lightgbm,20,,0.1977,0.3263,0.6495,20,,0.19,0.3189,0.6415,-0.007699999999999985,-0.008000000000000007,-0.007399999999999962,0,
tera,prop-4,AllFeatures,random_forest,20,,0.1513,0.2978,0.6305,20,,0.1499,0.2938,0.6295,-0.0013999999999999846,-0.0010000000000000009,-0.0040000000000000036,0,
tera,prop-4,FilterMI,lightgbm,5,,0.189,0.319,0.6455,5,,0.1772,0.3106,0.6423,-0.011800000000000005,-0.0031999999999999806,-0.008400000000000019,0,
tera,prop-4,FilterMI,random_forest,5,,0.1414,0.3005,0.5987,5,,0.1377,0.2993,0.6026,-0.003700000000000009,0.0039000000000000146,-0.0011999999999999789,0,
tera,prop-4,WrapperRFE,lightgbm,5,,0.1495,0.3384,0.627,5,,0.138,0.3306,0.6254,-0.011499999999999982,-0.0016000000000000458,-0.007799999999999974,0,
tera,prop-4,WrapperRFE,random_forest,5,,0.0842,0.2791,0.5876,5,,0.078,0.2734,0.5848,-0.006199999999999997,-0.0028000000000000247,-0.005700000000000038,0,
tera,prop-5,AEFS,lightgbm,5,0.719,0.0994,0.1987,0.5861,5,0.7664,0.086,0.1485,0.6029,-0.013400000000000009,0.016800000000000037,-0.050199999999999995,0,0.0474
tera,prop-5,AEFS,random_forest,5,0.719,0.0334,0.1515,0.551,5,0.7664,0.0574,0.162,0.5608,0.024,0.00979999999999992,0.01050000000000001,0,0.0474
tera,prop-5,Ablation_no2D,lightgbm,5,,0.0994,0.1987,0.5861,5,,0.086,0.1485,0.6029,-0.013400000000000009,0.016800000000000037,-0.050199999999999995,0,
tera,prop-5,Ablation_no2D,random_forest,5,,0.0334,0.1515,0.551,5,,0.0574,0.162,0.5608,0.024,0.00979999999999992,0.01050000000000001,0,
tera,prop-5,AllFeatures,lightgbm,20,,0.1013,0.1702,0.626,20,,0.1096,0.1878,0.6221,0.008300000000000002,-0.0039000000000000146,0.017600000000000005,0,
tera,prop-5,AllFeatures,random_forest,20,,0.1051,0.2114,0.5764,20,,0.1052,0.2131,0.5781,0.00010000000000000286,0.0016999999999999238,0.001700000000000007,0,
tera,prop-5,FilterMI,lightgbm,5,,0.0877,0.1852,0.5796,5,,0.0874,0.1785,0.5742,-0.0002999999999999947,-0.00539999999999996,-0.0067000000000000115,0,
tera,prop-5,FilterMI,random_forest,5,,0.0725,0.2236,0.5467,5,,0.0747,0.2243,0.5457,0.0022000000000000075,-0.0010000000000000009,0.0007000000000000062,0,
tera,prop-5,WrapperRFE,lightgbm,5,,0.0944,0.2028,0.6095,5,,0.0806,0.2109,0.5562,-0.013799999999999993,-0.053300000000000014,0.008099999999999996,0,
tera,prop-5,WrapperRFE,random_forest,5,,0.0813,0.2326,0.5501,5,,0.08,0.2542,0.5435,-0.0012999999999999956,-0.00660000000000005,0.02159999999999998,0,
tera,prop-6,AEFS,lightgbm,5,0.777,0.1804,0.303,0.6802,5,0.7854,0.1671,0.2941,0.6776,-0.013300000000000006,-0.0026000000000000467,-0.008900000000000019,0,0.008399999999999963
tera,prop-6,AEFS,random_forest,5,0.777,0.0942,0.2378,0.6361,5,0.7854,0.1025,0.2429,0.644,0.008299999999999988,0.007900000000000018,0.005099999999999993,0,0.008399999999999963
tera,prop-6,Ablation_no2D,lightgbm,5,,0.1804,0.303,0.6802,5,,0.1671,0.2941,0.6776,-0.013300000000000006,-0.0026000000000000467,-0.008900000000000019,0,
tera,prop-6,Ablation_no2D,random_forest,5,,0.0942,0.2378,0.6361,5,,0.1025,0.2429,0.644,0.008299999999999988,0.007900000000000018,0.005099999999999993,0,
tera,prop-6,AllFeatures,lightgbm,20,,0.1751,0.2927,0.6767,20,,0.1865,0.3,0.6722,0.011399999999999993,-0.0044999999999999485,0.007299999999999973,0,
tera,prop-6,AllFeatures,random_forest,20,,0.1596,0.2917,0.6599,20,,0.175,0.3022,0.6511,0.015399999999999997,-0.00880000000000003,0.01050000000000001,0,
tera,prop-6,FilterMI,lightgbm,5,,0.1724,0.2946,0.7028,5,,0.1541,0.2791,0.691,-0.01830000000000001,-0.011800000000000033,-0.015499999999999958,0,
tera,prop-6,FilterMI,random_forest,5,,0.0758,0.2267,0.581,5,,0.0783,0.2282,0.5968,0.0024999999999999883,0.015800000000000036,0.0014999999999999736,0,
tera,prop-6,WrapperRFE,lightgbm,5,,0.1021,0.2344,0.643,5,,0.0961,0.2308,0.6637,-0.0059999999999999915,0.02069999999999994,-0.003599999999999992,0,
tera,prop-6,WrapperRFE,random_forest,5,,0.0981,0.2515,0.5997,5,,0.0872,0.2424,0.5981,-0.010900000000000007,-0.0016000000000000458,-0.009099999999999997,0,
tera,redaktor,AEFS,lightgbm,5,0.8,-0.1034,0.0435,0.3304,5,0.7769,-0.0773,0.08,0.3556,0.026100000000000012,0.0252,0.036500000000000005,0,-0.02310000000000001
tera,redaktor,AEFS,random_forest,5,0.8,-0.0361,0.1538,0.3959,5,0.7769,-0.0069,0.1667,0.529,0.0292,0.13310000000000005,0.012899999999999995,0,-0.02310000000000001
tera,redaktor,Ablation_no2D,lightgbm,5,,-0.1034,0.0435,0.3304,5,,-0.0773,0.08,0.3556,0.026100000000000012,0.0252,0.036500000000000005,0,
tera,redaktor,Ablation_no2D,random_forest,5,,-0.0361,0.1538,0.3959,5,,-0.0069,0.1667,0.529,0.0292,0.13310000000000005,0.012899999999999995,0,
tera,redaktor,AllFeatures,lightgbm,20,,-0.1002,0.1143,0.5256,20,,-0.1051,0.1127,0.4675,-0.004900000000000002,-0.05809999999999993,-0.0016000000000000042,0,
tera,redaktor,AllFeatures,random_forest,20,,-0.0749,0.1231,0.424,20,,-0.1234,0.0896,0.4094,-0.0485,-0.014600000000000002,-0.0335,0,
tera,redaktor,FilterMI,lightgbm,5,,-0.0953,0.1159,0.4269,5,,-0.1281,0.0882,0.4606,-0.032799999999999996,0.03370000000000001,-0.027700000000000002,0,
tera,redaktor,FilterMI,random_forest,5,,-0.0475,0.1728,0.3989,5,,-0.0021,0.2025,0.4175,0.0454,0.018600000000000005,0.029700000000000004,0,
tera,redaktor,WrapperRFE,lightgbm,5,,-0.2161,0.1406,0.3463,5,,-0.1996,0.1527,0.3435,0.016499999999999987,-0.002799999999999969,0.0121,0,
tera,redaktor,WrapperRFE,random_forest,5,,-0.0483,0.1818,0.4851,5,,-0.0195,0.2022,0.465,0.028800000000000003,-0.02009999999999995,0.0204,0,
tera,serapion,AEFS,lightgbm,5,0.778,0.3099,0.3333,0.7587,5,0.7335,0.351,0.4286,0.7524,0.04109999999999997,-0.006300000000000083,0.0953,0,-0.044499999999999984
tera,serapion,AEFS,random_forest,5,0.778,0.2416,0.375,0.6222,5,0.7335,0.2628,0.4211,0.8032,0.02119999999999997,0.18100000000000005,0.046099999999999974,0,-0.044499999999999984
tera,serapion,Ablation_no2D,lightgbm,5,,0.3099,0.3333,0.7587,5,,0.351,0.4286,0.7524,0.04109999999999997,-0.006300000000000083,0.0953,0,
tera,serapion,Ablation_no2D,random_forest,5,,0.2416,0.375,0.6222,5,,0.2628,0.4211,0.8032,0.02119999999999997,0.18100000000000005,0.046099999999999974,0,
tera,serapion,AllFeatures,lightgbm,20,,0.2316,0.3077,0.7143,20,,0.2316,0.3077,0.6571,0.0,-0.05720000000000003,0.0,0,
tera,serapion,AllFeatures,random_forest,20,,0.4276,0.4615,0.7429,20,,0.2316,0.3077,0.7206,-0.19599999999999998,-0.022299999999999986,-0.15380000000000005,0,
tera,serapion,FilterMI,lightgbm,5,,0.6194,0.6667,0.7651,5,,0.5286,0.5714,0.7556,-0.09079999999999999,-0.009499999999999953,-0.09529999999999994,0,
tera,serapion,FilterMI,random_forest,5,,0.4914,0.5882,0.8667,5,,0.5497,0.625,0.8444,0.05829999999999996,-0.022299999999999986,0.036800000000000055,0,
tera,serapion,WrapperRFE,lightgbm,5,,0.488,0.6,0.8413,5,,0.5751,0.6667,0.8286,0.08709999999999996,-0.012700000000000045,0.06669999999999998,0,
tera,serapion,WrapperRFE,random_forest,5,,0.3956,0.5,0.8857,5,,0.4413,0.5556,0.8794,0.04570000000000002,-0.006300000000000083,0.05559999999999998,0,
tera,skarbonka,AEFS,lightgbm,5,0.77,0.1307,0.2667,0.784,5,0.7769,0.1307,0.2667,0.7994,0.0,0.01539999999999997,0.0,0,0.006900000000000017
tera,skarbonka,AEFS,random_forest,5,0.77,0.049,0.2727,0.5772,5,0.7769,0.049,0.2727,0.5432,0.0,-0.03400000000000003,0.0,0,0.006900000000000017
tera,skarbonka,Ablation_no2D,lightgbm,5,,0.1307,0.2667,0.784,5,,0.1307,0.2667,0.7994,0.0,0.01539999999999997,0.0,0,
tera,skarbonka,Ablation_no2D,random_forest,5,,0.049,0.2727,0.5772,5,,0.049,0.2727,0.5432,0.0,-0.03400000000000003,0.0,0,
tera,skarbonka,AllFeatures,lightgbm,20,,0.2343,0.3077,0.6914,20,,0.039,0.1538,0.6821,-0.1953,-0.009299999999999975,-0.15389999999999998,0,
tera,skarbonka,AllFeatures,random_forest,20,,0.5833,0.6667,0.8148,20,,0.3266,0.4762,0.7963,-0.25670000000000004,-0.01849999999999996,-0.19049999999999995,0,
tera,skarbonka,FilterMI,lightgbm,5,,0.2942,0.4545,0.6728,5,,0.2942,0.4545,0.6512,0.0,-0.021599999999999953,0.0,0,
tera,skarbonka,FilterMI,random_forest,5,,0.024,0.2609,0.6142,5,,0.1833,0.3846,0.6265,0.1593,0.012299999999999978,0.12369999999999998,0,
tera,skarbonka,WrapperRFE,lightgbm,5,,0.2034,0.3529,0.7469,5,,0.3056,0.4444,0.7685,0.10219999999999999,0.021599999999999953,0.09150000000000003,0,
tera,skarbonka,WrapperRFE,random_forest,5,,0.1336,0.3158,0.6821,5,,0.201,0.381,0.7006,0.06740000000000002,0.01849999999999996,0.06519999999999998,0,
tera,sklebagd,AEFS,lightgbm,5,0.717,0.2357,0.4706,0.8958,5,0.7026,0.2357,0.4706,0.9062,0.0,0.010399999999999965,0.0,0,-0.014399999999999968
tera,sklebagd,AEFS,random_forest,5,0.717,0.5334,0.7619,0.8333,5,0.7026,0.5334,0.7619,0.875,0.0,0.04169999999999996,0.0,0,-0.014399999999999968
tera,sklebagd,Ablation_no2D,lightgbm,5,,0.2357,0.4706,0.8958,5,,0.2357,0.4706,0.9062,0.0,0.010399999999999965,0.0,0,
tera,sklebagd,Ablation_no2D,random_forest,5,,0.5334,0.7619,0.8333,5,,0.5334,0.7619,0.875,0.0,0.04169999999999996,0.0,0,
tera,sklebagd,AllFeatures,lightgbm,20,,0.3118,0.5556,0.8021,20,,0.2357,0.4706,0.7917,-0.07610000000000003,-0.010400000000000076,-0.08499999999999996,0,
tera,sklebagd,AllFeatures,random_forest,20,,0.5833,0.8333,0.8229,20,,0.5833,0.8333,0.8333,0.0,0.010400000000000076,0.0,0,
tera,sklebagd,FilterMI,lightgbm,5,,0.3852,0.6316,0.7917,5,,0.25,0.6,0.7917,-0.1352,0.0,-0.03160000000000007,0,
tera,sklebagd,FilterMI,random_forest,5,,0.3852,0.6316,0.6823,5,,0.4583,0.7,0.7083,0.0731,0.026000000000000023,0.0683999999999999,0,
tera,sklebagd,WrapperRFE,lightgbm,5,,0.0891,0.4444,0.7292,5,,0.3118,0.5556,0.7812,0.2227,0.052000000000000046,0.11119999999999997,0,
tera,sklebagd,WrapperRFE,random_forest,5,,0.25,0.6,0.6562,5,,0.25,0.6,0.6667,0.0,0.010499999999999954,0.0,0,
tera,synapse-1.0,AEFS,lightgbm,5,0.838,0.2611,0.2727,0.7286,5,0.6932,0.0961,0.16,0.7509,-0.16499999999999998,0.022299999999999986,-0.1127,0,-0.14479999999999993
tera,synapse-1.0,AEFS,random_forest,5,0.838,0.2361,0.3243,0.6943,5,0.6932,0.2207,0.3137,0.7849,-0.015399999999999997,0.09060000000000001,-0.010599999999999998,0,-0.14479999999999993
tera,synapse-1.0,Ablation_no2D,lightgbm,5,,0.2611,0.2727,0.7286,5,,0.0961,0.16,0.7509,-0.16499999999999998,0.022299999999999986,-0.1127,0,
tera,synapse-1.0,Ablation_no2D,random_forest,5,,0.3224,0.4,0.7094,5,,0.2207,0.3137,0.7849,-0.10170000000000001,0.07550000000000001,-0.08630000000000004,0,
tera,synapse-1.0,AllFeatures,lightgbm,20,,0.3341,0.3478,0.7924,20,,0.2777,0.32,0.7892,-0.056400000000000006,-0.0031999999999999806,-0.02779999999999999,0,
tera,synapse-1.0,AllFeatures,random_forest,20,,0.154,0.2609,0.7215,20,,0.2528,0.3404,0.7443,0.09880000000000003,0.02279999999999993,0.07949999999999996,0,
tera,synapse-1.0,FilterMI,lightgbm,5,,0.3224,0.4,0.7678,5,,0.2477,0.3333,0.7783,-0.07470000000000002,0.010499999999999954,-0.06670000000000004,0,
tera,synapse-1.0,FilterMI,random_forest,5,,0.2133,0.3077,0.6825,5,,0.1698,0.2745,0.6848,-0.04349999999999998,0.0022999999999999687,-0.03319999999999995,0,
tera,synapse-1.0,WrapperRFE,lightgbm,5,,0.29,0.3721,0.7625,5,,0.3111,0.3902,0.7726,0.021100000000000008,0.010099999999999998,0.018100000000000005,0,
tera,synapse-1.0,WrapperRFE,random_forest,5,,0.2341,0.3214,0.703,5,,0.1855,0.2857,0.6975,-0.048600000000000004,-0.005499999999999949,-0.03570000000000001,0,
tera,synapse-1.1,AEFS,lightgbm,5,0.77,0.1288,0.1449,0.6076,5,0.7728,0.1288,0.1449,0.614,0.0,0.006399999999999961,0.0,0,0.0028000000000000247
tera,synapse-1.1,AEFS,random_forest,5,0.77,0.1186,0.2697,0.6108,5,0.7728,0.1385,0.2889,0.6081,0.019900000000000015,-0.0027000000000000357,0.019199999999999995,0,0.0028000000000000247
tera,synapse-1.1,Ablation_no2D,lightgbm,5,,0.1288,0.1449,0.6076,5,,0.1288,0.1449,0.614,0.0,0.006399999999999961,0.0,0,
tera,synapse-1.1,Ablation_no2D,random_forest,5,,0.1186,0.2697,0.6108,5,,0.1385,0.2889,0.6081,0.019900000000000015,-0.0027000000000000357,0.019199999999999995,0,
tera,synapse-1.1,AllFeatures,lightgbm,20,,0.158,0.1714,0.5925,20,,0.185,0.1972,0.5978,0.026999999999999996,0.005299999999999971,0.02579999999999999,0,
tera,synapse-1.1,AllFeatures,random_forest,20,,0.165,0.3784,0.6293,20,,0.1406,0.3604,0.6288,-0.024400000000000005,-0.0004999999999999449,-0.018000000000000016,0,
tera,synapse-1.1,FilterMI,lightgbm,5,,0.1983,0.3333,0.6468,5,,0.1874,0.3297,0.6802,-0.010899999999999993,0.033399999999999985,-0.003599999999999992,0,
tera,synapse-1.1,FilterMI,random_forest,5,,0.1813,0.3929,0.6196,5,,0.1894,0.3964,0.6212,0.008100000000000024,0.0015999999999999348,0.0034999999999999476,0,
tera,synapse-1.1,WrapperRFE,lightgbm,5,,0.1002,0.1842,0.5961,5,,0.1145,0.1867,0.6103,0.014300000000000007,0.01419999999999999,0.0025000000000000022,0,
tera,synapse-1.1,WrapperRFE,random_forest,5,,0.0473,0.2804,0.5891,5,,0.0748,0.3091,0.596,0.027500000000000004,0.006900000000000017,0.028700000000000003,0,
tera,synapse-1.2,AEFS,lightgbm,5,0.775,0.2492,0.283,0.7409,5,0.7237,0.2186,0.3036,0.6936,-0.030600000000000016,-0.04730000000000001,0.020600000000000007,0,-0.05130000000000001
tera,synapse-1.2,AEFS,random_forest,5,0.775,0.2225,0.339,0.6682,5,0.7237,0.2005,0.3971,0.6237,-0.021999999999999992,-0.044499999999999984,0.058099999999999985,0,-0.05130000000000001
tera,synapse-1.2,Ablation_no2D,lightgbm,5,,0.2492,0.283,0.7409,5,,0.2186,0.3036,0.6936,-0.030600000000000016,-0.04730000000000001,0.020600000000000007,0,
tera,synapse-1.2,Ablation_no2D,random_forest,5,,0.2225,0.339,0.6682,5,,0.2005,0.3971,0.6237,-0.021999999999999992,-0.044499999999999984,0.058099999999999985,0,
tera,synapse-1.2,AllFeatures,lightgbm,20,,0.2911,0.3303,0.6592,20,,0.2805,0.3019,0.6483,-0.010599999999999998,-0.01090000000000002,-0.02839999999999998,0,
tera,synapse-1.2,AllFeatures,random_forest,20,,0.2176,0.368,0.7104,20,,0.2282,0.371,0.7143,0.010599999999999998,0.0039000000000000146,0.0030000000000000027,0,
tera,synapse-1.2,FilterMI,lightgbm,5,,0.2129,0.3846,0.6362,5,,0.2129,0.3846,0.6264,0.0,-0.009800000000000031,0.0,0,
tera,synapse-1.2,FilterMI,random_forest,5,,0.2002,0.3721,0.6553,5,,0.2002,0.3721,0.6532,0.0,-0.0020999999999999908,0.0,0,
tera,synapse-1.2,WrapperRFE,lightgbm,5,,0.2464,0.3214,0.6267,5,,0.3003,0.3684,0.6424,0.0539,0.015699999999999936,0.046999999999999986,0,
tera,synapse-1.2,WrapperRFE,random_forest,5,,0.2377,0.4091,0.6575,5,,0.2574,0.4154,0.656,0.019700000000000023,-0.0014999999999999458,0.006299999999999972,0,
tera,systemdata,AEFS,lightgbm,5,0.752,0.1766,0.2667,0.7366,5,0.7789,0.2222,0.3333,0.679,0.0456,-0.057599999999999985,0.06659999999999999,0,0.026900000000000035
tera,systemdata,AEFS,random_forest,5,0.752,0.3796,0.4762,0.7798,5,0.7789,0.1978,0.3333,0.7037,-0.1818,-0.07610000000000006,-0.14290000000000003,0,0.026900000000000035
tera,systemdata,Ablation_no2D,lightgbm,5,,0.1766,0.2667,0.7366,5,,0.2222,0.3333,0.679,0.0456,-0.057599999999999985,0.06659999999999999,0,
tera,systemdata,Ablation_no2D,random_forest,5,,0.3796,0.4762,0.7798,5,,0.1978,0.3333,0.7037,-0.1818,-0.07610000000000006,-0.14290000000000003,0,
tera,systemdata,AllFeatures,lightgbm,20,,0.253,0.3529,0.6667,20,,0.3311,0.4,0.6975,0.0781,0.03080000000000005,0.04710000000000003,0,
tera,systemdata,AllFeatures,random_forest,20,,0.1443,0.25,0.6584,20,,0.0926,0.2222,0.6646,-0.05170000000000001,0.006199999999999983,-0.02779999999999999,0,
tera,systemdata,FilterMI,lightgbm,5,,0.3273,0.4348,0.7099,5,,0.2902,0.4,0.7305,-0.037099999999999966,0.020600000000000063,-0.0348,0,
tera,systemdata,FilterMI,random_forest,5,,-0.1091,0.087,0.5967,5,,-0.0298,0.16,0.6008,0.07930000000000001,0.0040999999999999925,0.07300000000000001,0,
tera,systemdata,WrapperRFE,lightgbm,5,,0.0479,0.1429,0.4938,5,,0.3273,0.4348,0.6831,0.2794,0.18930000000000002,0.29190000000000005,0,
tera,systemdata,WrapperRFE,random_forest,5,,-0.0532,0.1053,0.5473,5,,0.1786,0.32,0.679,0.2318,0.13170000000000004,0.2147,0,
tera,szybkafucha,AEFS,lightgbm,5,0.775,0.0,0.0,0.6104,5,0.7769,0.0,0.0,0.6104,0.0,0.0,0.0,0,0.0019000000000000128
tera,szybkafucha,AEFS,random_forest,5,0.775,-0.1686,0.1176,0.5325,5,0.7769,0.0794,0.2353,0.5519,0.248,0.019399999999999973,0.11770000000000001,0,0.0019000000000000128
tera,szybkafucha,Ablation_no2D,lightgbm,5,,0.0,0.0,0.6104,5,,0.0,0.0,0.6104,0.0,0.0,0.0,0,
tera,szybkafucha,Ablation_no2D,random_forest,5,,-0.1686,0.1176,0.5325,5,,0.0794,0.2353,0.5519,0.248,0.019399999999999973,0.11770000000000001,0,
tera,szybkafucha,AllFeatures,lightgbm,20,,0.0,0.0,0.7338,20,,0.0,0.0,0.6364,0.0,-0.09740000000000004,0.0,0,
tera,szybkafucha,AllFeatures,random_forest,20,,0.0,0.0,0.7597,20,,0.0,0.0,0.8377,0.0,0.07799999999999996,0.0,0,
tera,szybkafucha,FilterMI,lightgbm,5,,0.2614,0.25,0.6948,5,,0.1809,0.1333,0.7273,-0.08050000000000002,0.03249999999999997,-0.1167,0,
tera,szybkafucha,FilterMI,random_forest,5,,0.2417,0.4211,0.6753,5,,0.1671,0.3333,0.6558,-0.0746,-0.019499999999999962,-0.08779999999999999,0,
tera,szybkafucha,WrapperRFE,lightgbm,5,,-0.2303,0.0,0.4545,5,,-0.2303,0.0,0.5195,0.0,0.06499999999999995,0.0,0,
tera,szybkafucha,WrapperRFE,random_forest,5,,0.4981,0.6,0.7857,5,,0.3094,0.5,0.7727,-0.18869999999999998,-0.0129999999999999,-0.09999999999999998,0,
tera,termoproject,AEFS,lightgbm,5,0.775,0.2266,0.3333,0.6703,5,0.7702,0.232,0.1429,0.7212,0.005400000000000016,0.050899999999999945,-0.19039999999999999,0,-0.0048000000000000265
tera,termoproject,AEFS,random_forest,5,0.775,0.4581,0.5714,0.739,5,0.7702,0.2111,0.25,0.6525,-0.247,-0.08650000000000002,-0.3214,0,-0.0048000000000000265
tera,termoproject,Ablation_no2D,lightgbm,5,,0.2266,0.3333,0.6703,5,,0.232,0.1429,0.7212,0.005400000000000016,0.050899999999999945,-0.19039999999999999,0,
tera,termoproject,Ablation_no2D,random_forest,5,,0.4581,0.5714,0.739,5,,0.2111,0.25,0.6525,-0.247,-0.08650000000000002,-0.3214,0,
tera,termoproject,AllFeatures,lightgbm,20,,0.3323,0.2667,0.6566,20,,0.232,0.1429,0.7225,-0.10029999999999997,0.06590000000000007,-0.1238,0,
tera,termoproject,AllFeatures,random_forest,20,,0.3323,0.2667,0.8242,20,,0.4124,0.375,0.8324,0.0801,0.008199999999999985,0.10830000000000001,0,
tera,termoproject,FilterMI,lightgbm,5,,0.4593,0.5263,0.6813,5,,0.4593,0.5263,0.706,0.0,0.024699999999999944,0.0,0,
tera,termoproject,FilterMI,random_forest,5,,0.1293,0.2353,0.5879,5,,0.1293,0.2353,0.6181,0.0,0.030200000000000005,0.0,0,
tera,termoproject,WrapperRFE,lightgbm,5,,0.3323,0.2667,0.6291,5,,0.3323,0.2667,0.5852,0.0,-0.04389999999999994,0.0,0,
tera,termoproject,WrapperRFE,random_forest,5,,0.248,0.4,0.8077,5,,0.248,0.4,0.7953,0.0,-0.012399999999999967,0.0,0,
tera,tomcat,AEFS,lightgbm,5,0.785,0.0998,0.1538,0.5648,5,0.765,0.1562,0.2472,0.7204,0.056400000000000006,0.15560000000000007,0.09340000000000001,0,-0.020000000000000018
tera,tomcat,AEFS,random_forest,5,0.785,-0.0059,0.0839,0.5978,5,0.765,0.0427,0.1429,0.6878,0.048600000000000004,0.08999999999999997,0.059,0,-0.020000000000000018
tera,tomcat,Ablation_no2D,lightgbm,5,,0.0998,0.1538,0.5648,5,,0.1562,0.2472,0.7204,0.056400000000000006,0.15560000000000007,0.09340000000000001,0,
tera,tomcat,Ablation_no2D,random_forest,5,,-0.0059,0.0839,0.5978,5,,0.0427,0.1429,0.6878,0.048600000000000004,0.08999999999999997,0.059,0,
tera,tomcat,AllFeatures,lightgbm,20,,0.2679,0.3448,0.734,20,,0.3196,0.3911,0.7293,0.05169999999999997,-0.0047000000000000375,0.04630000000000001,0,
tera,tomcat,AllFeatures,random_forest,20,,0.1789,0.2723,0.7176,20,,0.2282,0.3122,0.7313,0.04929999999999998,0.013699999999999934,0.03989999999999999,0,
tera,tomcat,FilterMI,lightgbm,5,,0.3218,0.3716,0.7918,5,,0.2974,0.3533,0.7961,-0.024399999999999977,0.0043000000000000815,-0.018299999999999983,0,
tera,tomcat,FilterMI,random_forest,5,,0.1772,0.2633,0.7079,5,,0.1785,0.2651,0.7007,0.0012999999999999956,-0.007199999999999984,0.0018000000000000238,0,
tera,tomcat,WrapperRFE,lightgbm,5,,0.2376,0.3082,0.7826,5,,0.2627,0.3279,0.7825,0.025099999999999983,-9.999999999998899e-05,0.01970000000000005,0,
tera,tomcat,WrapperRFE,random_forest,5,,0.2237,0.2981,0.7292,5,,0.2145,0.2919,0.7265,-0.009200000000000014,-0.0026999999999999247,-0.006199999999999983,0,
tera,velocity-1.4,AEFS,lightgbm,5,0.77,-0.0287,0.1241,0.5271,5,0.7728,0.0077,0.125,0.5377,0.0364,0.010599999999999943,0.000899999999999998,0,0.0028000000000000247
tera,velocity-1.4,AEFS,random_forest,5,0.77,0.0638,0.2963,0.5145,5,0.7728,0.0796,0.3171,0.516,0.01580000000000001,0.0015000000000000568,0.020799999999999985,0,0.0028000000000000247
tera,velocity-1.4,Ablation_no2D,lightgbm,5,,-0.0287,0.1241,0.5271,5,,0.0077,0.125,0.5377,0.0364,0.010599999999999943,0.000899999999999998,0,
tera,velocity-1.4,Ablation_no2D,random_forest,5,,0.0638,0.2963,0.5145,5,,0.0796,0.3171,0.516,0.01580000000000001,0.0015000000000000568,0.020799999999999985,0,
tera,velocity-1.4,AllFeatures,lightgbm,20,,-0.0365,0.2065,0.5791,20,,-0.0526,0.2166,0.5716,-0.016100000000000003,-0.007499999999999951,0.010099999999999998,0,
tera,velocity-1.4,AllFeatures,random_forest,20,,0.1386,0.453,0.5058,20,,0.1581,0.4783,0.5031,0.01949999999999999,-0.0027000000000000357,0.02529999999999999,0,
tera,velocity-1.4,FilterMI,lightgbm,5,,0.0614,0.3529,0.5207,5,,0.0153,0.3488,0.5262,-0.0461,0.005499999999999949,-0.0040999999999999925,0,
tera,velocity-1.4,FilterMI,random_forest,5,,0.1734,0.4725,0.5307,5,,0.1516,0.4699,0.5352,-0.021799999999999986,0.0045000000000000595,-0.002599999999999991,0,
tera,velocity-1.4,WrapperRFE,lightgbm,5,,-0.0005,0.1854,0.6393,5,,-0.0302,0.1842,0.6485,-0.0297,0.009199999999999986,-0.0012000000000000066,0,
tera,velocity-1.4,WrapperRFE,random_forest,5,,0.0907,0.3908,0.5968,5,,0.0997,0.3743,0.6014,0.008999999999999994,0.0046000000000000485,-0.01649999999999996,0,
tera,velocity-1.5,AEFS,lightgbm,5,0.777,0.0782,0.1622,0.663,5,0.8071,0.0494,0.1611,0.6679,-0.028800000000000006,0.0049000000000000155,-0.0011000000000000176,0,0.030100000000000016
tera,velocity-1.5,AEFS,random_forest,5,0.777,0.0441,0.3757,0.5463,5,0.8071,0.092,0.413,0.5494,0.0479,0.0030999999999999917,0.0373,0,0.030100000000000016
tera,velocity-1.5,Ablation_no2D,lightgbm,5,,0.0782,0.1622,0.663,5,,0.0494,0.1611,0.6679,-0.028800000000000006,0.0049000000000000155,-0.0011000000000000176,0,
tera,velocity-1.5,Ablation_no2D,random_forest,5,,0.0441,0.3757,0.5463,5,,0.092,0.413,0.5494,0.0479,0.0030999999999999917,0.0373,0,
tera,velocity-1.5,AllFeatures,lightgbm,20,,-0.0249,0.2236,0.5634,20,,0.0255,0.2577,0.5622,0.0504,-0.0011999999999999789,0.03409999999999999,0,
tera,velocity-1.5,AllFeatures,random_forest,20,,0.1113,0.6147,0.5146,20,,0.062,0.5714,0.5147,-0.0493,0.00010000000000010001,-0.043300000000000005,0,
tera,velocity-1.5,FilterMI,lightgbm,5,,0.1071,0.284,0.577,5,,0.0644,0.2805,0.5784,-0.0427,0.0014000000000000679,-0.0034999999999999476,0,
tera,velocity-1.5,FilterMI,random_forest,5,,0.0419,0.5302,0.5108,5,,0.0425,0.5189,0.507,0.0006000000000000033,-0.0038000000000000256,-0.011299999999999977,0,
tera,velocity-1.5,WrapperRFE,lightgbm,5,,0.0607,0.1733,0.611,5,,0.0916,0.2092,0.6477,0.030900000000000004,0.036700000000000066,0.03589999999999999,0,
tera,velocity-1.5,WrapperRFE,random_forest,5,,0.0561,0.5438,0.5217,5,,0.0561,0.5438,0.5222,0.0,0.0004999999999999449,0.0,0,
tera,velocity-1.6,AEFS,lightgbm,5,0.77,0.1362,0.1798,0.6709,5,0.7728,0.1349,0.1609,0.6753,-0.0012999999999999956,0.0043999999999999595,-0.0189,0,0.0028000000000000247
tera,velocity-1.6,AEFS,random_forest,5,0.77,0.1793,0.4328,0.5999,5,0.7728,0.1883,0.4361,0.5975,0.009000000000000008,-0.0023999999999999577,0.0032999999999999696,0,0.0028000000000000247
tera,velocity-1.6,Ablation_no2D,lightgbm,5,,0.1362,0.1798,0.6709,5,,0.1349,0.1609,0.6753,-0.0012999999999999956,0.0043999999999999595,-0.0189,0,
tera,velocity-1.6,Ablation_no2D,random_forest,5,,0.1793,0.4328,0.5999,5,,0.1883,0.4361,0.5975,0.009000000000000008,-0.0023999999999999577,0.0032999999999999696,0,
tera,velocity-1.6,AllFeatures,lightgbm,20,,0.1118,0.2936,0.6578,20,,0.1431,0.3243,0.6522,0.03130000000000001,-0.005600000000000049,0.03069999999999995,0,
tera,velocity-1.6,AllFeatures,random_forest,20,,0.2081,0.5333,0.6206,20,,0.2153,0.5363,0.6269,0.007199999999999984,0.006299999999999972,0.0030000000000000027,0,
tera,velocity-1.6,FilterMI,lightgbm,5,,0.1782,0.3333,0.666,5,,0.2057,0.3519,0.6812,0.027499999999999997,0.015199999999999991,0.018600000000000005,0,
tera,velocity-1.6,FilterMI,random_forest,5,,0.0553,0.4125,0.5901,5,,0.0755,0.425,0.595,0.020199999999999996,0.0049000000000000155,0.012500000000000011,0,
tera,velocity-1.6,WrapperRFE,lightgbm,5,,0.0848,0.25,0.6751,5,,0.0557,0.2308,0.6714,-0.0291,-0.0037000000000000366,-0.019199999999999995,0,
tera,velocity-1.6,WrapperRFE,random_forest,5,,0.1486,0.472,0.5985,5,,0.1738,0.4908,0.6038,0.0252,0.005299999999999971,0.01880000000000004,0,
tera,workflow,AEFS,lightgbm,5,0.776,0.2134,0.32,0.6764,5,0.7552,0.2134,0.32,0.7056,0.0,0.029200000000000004,0.0,0,-0.02080000000000004
tera,workflow,AEFS,random_forest,5,0.776,0.3606,0.5,0.6542,5,0.7552,0.3148,0.4444,0.6556,-0.04579999999999995,0.0013999999999999568,-0.05559999999999998,0,-0.02080000000000004
tera,workflow,Ablation_no2D,lightgbm,5,,0.2134,0.32,0.6764,5,,0.2134,0.32,0.7056,0.0,0.029200000000000004,0.0,0,
tera,workflow,Ablation_no2D,random_forest,5,,0.3606,0.5,0.6542,5,,0.3148,0.4444,0.6556,-0.04579999999999995,0.0013999999999999568,-0.05559999999999998,0,
tera,workflow,AllFeatures,lightgbm,20,,0.3254,0.3333,0.5917,20,,0.3254,0.3333,0.6167,0.0,0.025000000000000022,0.0,0,
tera,workflow,AllFeatures,random_forest,20,,0.2134,0.32,0.6583,20,,0.2134,0.32,0.65,0.0,-0.008299999999999974,0.0,0,
tera,workflow,FilterMI,lightgbm,5,,0.2777,0.2609,0.5847,5,,0.3254,0.3333,0.5889,0.04770000000000002,0.0041999999999999815,0.07239999999999996,0,
tera,workflow,FilterMI,random_forest,5,,0.2806,0.4828,0.6708,5,,0.2806,0.4828,0.6542,0.0,-0.016599999999999948,0.0,0,
tera,workflow,WrapperRFE,lightgbm,5,,0.2777,0.2609,0.5556,5,,0.0823,0.1739,0.5778,-0.19540000000000002,0.022199999999999998,-0.08700000000000002,0,
tera,workflow,WrapperRFE,random_forest,5,,0.1021,0.3571,0.65,5,,-0.0228,0.2308,0.6083,-0.1249,-0.04170000000000007,-0.12629999999999997,0,
tera,xalan-2.4,AEFS,lightgbm,5,0.77,0.1517,0.2954,0.6606,5,0.7728,0.1395,0.2833,0.6587,-0.012199999999999989,-0.0019000000000000128,-0.0121,0,0.0028000000000000247
tera,xalan-2.4,AEFS,random_forest,5,0.77,0.0989,0.2873,0.5784,5,0.7728,0.1031,0.2897,0.5783,0.004199999999999995,-9.999999999998899e-05,0.0024000000000000132,0,0.0028000000000000247
tera,xalan-2.4,Ablation_no2D,lightgbm,5,,0.1517,0.2954,0.6606,5,,0.1395,0.2833,0.6587,-0.012199999999999989,-0.0019000000000000128,-0.0121,0,
tera,xalan-2.4,Ablation_no2D,random_forest,5,,0.0989,0.2873,0.5784,5,,0.1031,0.2897,0.5783,0.004199999999999995,-9.999999999998899e-05,0.0024000000000000132,0,
tera,xalan-2.4,AllFeatures,lightgbm,20,,0.1836,0.3446,0.6587,20,,0.192,0.3501,0.6581,0.00839999999999999,-0.0005999999999999339,0.005500000000000005,0,
tera,xalan-2.4,AllFeatures,random_forest,20,,0.1257,0.3106,0.6185,20,,0.1317,0.3136,0.622,0.006000000000000005,0.0034999999999999476,0.0030000000000000027,0,
tera,xalan-2.4,FilterMI,lightgbm,5,,0.1892,0.3483,0.6616,5,,0.1987,0.3545,0.6615,0.00949999999999998,-9.999999999998899e-05,0.006199999999999983,0,
tera,xalan-2.4,FilterMI,random_forest,5,,0.1022,0.2979,0.5758,5,,0.1022,0.2979,0.5775,0.0,0.0017000000000000348,0.0,0,
tera,xalan-2.4,WrapperRFE,lightgbm,5,,0.1912,0.3488,0.667,5,,0.2225,0.3706,0.6689,0.031299999999999994,0.0019000000000000128,0.021799999999999986,0,
tera,xalan-2.4,WrapperRFE,random_forest,5,,0.1424,0.3197,0.6323,5,,0.1412,0.319,0.6352,-0.0012000000000000066,0.0029000000000000137,-0.0006999999999999784,0,
tera,xalan-2.5,AEFS,lightgbm,5,0.778,0.0635,0.2739,0.5653,5,0.7241,0.0966,0.3417,0.5534,0.033100000000000004,-0.011900000000000022,0.06780000000000003,0,-0.05390000000000006
tera,xalan-2.5,AEFS,random_forest,5,0.778,0.1051,0.4478,0.5569,5,0.7241,0.1415,0.4788,0.5569,0.03639999999999999,0.0,0.031000000000000028,0,-0.05390000000000006
tera,xalan-2.5,Ablation_no2D,lightgbm,5,,0.0635,0.2739,0.5653,5,,0.0966,0.3417,0.5534,0.033100000000000004,-0.011900000000000022,0.06780000000000003,0,
tera,xalan-2.5,Ablation_no2D,random_forest,5,,0.1051,0.4478,0.5569,5,,0.1415,0.4788,0.5569,0.03639999999999999,0.0,0.031000000000000028,0,
tera,xalan-2.5,AllFeatures,lightgbm,20,,0.1776,0.4867,0.6424,20,,0.1871,0.4874,0.6431,0.00949999999999998,0.0007000000000000339,0.0006999999999999784,0,
tera,xalan-2.5,AllFeatures,random_forest,20,,0.158,0.5293,0.5602,20,,0.1552,0.5285,0.5582,-0.002799999999999997,-0.0020000000000000018,-0.0008000000000000229,0,
tera,xalan-2.5,FilterMI,lightgbm,5,,0.2166,0.5025,0.632,5,,0.2062,0.4906,0.6274,-0.010399999999999993,-0.0046000000000000485,-0.011899999999999966,0,
tera,xalan-2.5,FilterMI,random_forest,5,,0.1496,0.5284,0.5577,5,,0.1578,0.5335,0.558,0.008199999999999985,0.000300000000000078,0.005099999999999993,0,
tera,xalan-2.5,WrapperRFE,lightgbm,5,,0.1954,0.4524,0.6203,5,,0.1999,0.4493,0.6223,0.004500000000000004,0.0020000000000000018,-0.003100000000000047,0,
tera,xalan-2.5,WrapperRFE,random_forest,5,,0.1359,0.5258,0.5509,5,,0.1223,0.5163,0.5508,-0.013599999999999987,-9.999999999998899e-05,-0.009500000000000064,0,
tera,xalan-2.6,AEFS,lightgbm,5,0.785,0.1642,0.3341,0.6433,5,0.7728,0.2572,0.3799,0.6823,0.09299999999999997,0.039000000000000035,0.04580000000000001,0,-0.012199999999999989
tera,xalan-2.6,AEFS,random_forest,5,0.785,0.2018,0.5372,0.6432,5,0.7728,0.2192,0.5575,0.6418,0.0174,-0.0013999999999999568,0.020299999999999985,0,-0.012199999999999989
tera,xalan-2.6,Ablation_no2D,lightgbm,5,,0.1642,0.3341,0.6433,5,,0.2572,0.3799,0.6823,0.09299999999999997,0.039000000000000035,0.04580000000000001,0,
tera,xalan-2.6,Ablation_no2D,random_forest,5,,0.2018,0.5372,0.6432,5,,0.2192,0.5575,0.6418,0.0174,-0.0013999999999999568,0.020299999999999985,0,
tera,xalan-2.6,AllFeatures,lightgbm,20,,0.3284,0.5819,0.6956,20,,0.314,0.5633,0.6992,-0.014400000000000024,0.0036000000000000476,-0.01859999999999995,0,
tera,xalan-2.6,AllFeatures,random_forest,20,,0.1793,0.599,0.6207,20,,0.1697,0.5959,0.6224,-0.009599999999999997,0.0016999999999999238,-0.0030999999999999917,0,
tera,xalan-2.6,FilterMI,lightgbm,5,,0.2644,0.542,0.6504,5,,0.2847,0.5503,0.6511,0.020299999999999985,0.0007000000000000339,0.008299999999999974,0,
tera,xalan-2.6,FilterMI,random_forest,5,,0.2149,0.6061,0.6157,5,,0.1982,0.5981,0.6146,-0.01670000000000002,-0.0010999999999999899,-0.008000000000000007,0,
tera,xalan-2.6,WrapperRFE,lightgbm,5,,0.2669,0.5246,0.6933,5,,0.2789,0.5284,0.6957,0.011999999999999955,0.0023999999999999577,0.0038000000000000256,0,
tera,xalan-2.6,WrapperRFE,random_forest,5,,0.1903,0.6076,0.6403,5,,0.1837,0.6041,0.6411,-0.006599999999999995,0.0008000000000000229,-0.0035000000000000586,0,
tera,xalan-2.7,AEFS,lightgbm,5,0.764,0.0406,0.234,0.7299,5,0.7874,0.043,0.2551,0.7994,0.0023999999999999994,0.0695,0.02109999999999998,0,0.023399999999999976
tera,xalan-2.7,AEFS,random_forest,5,0.764,0.0593,0.3947,0.7668,5,0.7874,0.0591,0.393,0.8835,-0.0001999999999999988,0.11669999999999991,-0.0016999999999999793,0,0.023399999999999976
tera,xalan-2.7,Ablation_no2D,lightgbm,5,,0.0406,0.234,0.7299,5,,0.043,0.2551,0.7994,0.0023999999999999994,0.0695,0.02109999999999998,0,
tera,xalan-2.7,Ablation_no2D,random_forest,5,,0.0593,0.3947,0.7668,5,,0.0591,0.393,0.8835,-0.0001999999999999988,0.11669999999999991,-0.0016999999999999793,0,
tera,xalan-2.7,AllFeatures,lightgbm,20,,0.0591,0.393,0.8955,20,,0.0575,0.3805,0.8815,-0.0015999999999999973,-0.014000000000000012,-0.012500000000000011,0,
tera,xalan-2.7,AllFeatures,random_forest,20,,0.0756,0.5152,0.9302,20,,0.0749,0.5107,0.9273,-0.0007000000000000062,-0.0029000000000000137,-0.0044999999999999485,0,
tera,xalan-2.7,FilterMI,lightgbm,5,,0.0638,0.4309,0.7384,5,,0.0634,0.4275,0.7532,-0.0003999999999999976,0.014800000000000035,-0.003400000000000014,0,
tera,xalan-2.7,FilterMI,random_forest,5,,0.0772,0.5257,0.8734,5,,0.0772,0.5257,0.8778,0.0,0.0044000000000000705,0.0,0,
tera,xalan-2.7,WrapperRFE,lightgbm,5,,0.0455,0.498,0.6995,5,,0.0558,0.3661,0.7122,0.010300000000000004,0.012700000000000045,-0.13190000000000002,0,
tera,xalan-2.7,WrapperRFE,random_forest,5,,0.0536,0.5456,0.8757,5,,0.0765,0.5212,0.9093,0.022899999999999997,0.03359999999999996,-0.024399999999999977,0,
tera,xerces-1.2,AEFS,lightgbm,5,0.79,0.1035,0.2521,0.5726,5,0.7288,0.0869,0.1758,0.6664,-0.01659999999999999,0.0938,-0.07629999999999998,0,-0.06120000000000003
tera,xerces-1.2,AEFS,random_forest,5,0.79,0.0475,0.2468,0.5083,5,0.7288,0.0713,0.2222,0.5797,0.0238,0.07140000000000002,-0.024599999999999983,0,-0.06120000000000003
tera,xerces-1.2,Ablation_no2D,lightgbm,5,,0.1035,0.2521,0.5726,5,,0.0869,0.1758,0.6664,-0.01659999999999999,0.0938,-0.07629999999999998,0,
tera,xerces-1.2,Ablation_no2D,random_forest,5,,0.0475,0.2468,0.5083,5,,0.0713,0.2222,0.5797,0.0238,0.07140000000000002,-0.024599999999999983,0,
tera,xerces-1.2,AllFeatures,lightgbm,20,,-0.0245,0.2036,0.4696,20,,-0.0406,0.1916,0.463,-0.016099999999999996,-0.006599999999999995,-0.01200000000000001,0,
tera,xerces-1.2,AllFeatures,random_forest,20,,-0.0387,0.2154,0.4847,20,,-0.0395,0.2189,0.4854,-0.0008000000000000021,0.0006999999999999784,0.003500000000000003,0,
tera,xerces-1.2,FilterMI,lightgbm,5,,0.0706,0.2585,0.4912,5,,0.0533,0.2449,0.4886,-0.017299999999999996,-0.0026000000000000467,-0.013600000000000001,0,
tera,xerces-1.2,FilterMI,random_forest,5,,-0.08,0.1951,0.4991,5,,-0.0971,0.18,0.4974,-0.017100000000000004,-0.0016999999999999793,-0.015100000000000002,0,
tera,xerces-1.2,WrapperRFE,lightgbm,5,,0.0257,0.236,0.5077,5,,0.0431,0.253,0.4996,0.0174,-0.008100000000000052,0.017000000000000015,0,
tera,xerces-1.2,WrapperRFE,random_forest,5,,-0.1001,0.1836,0.4608,5,,-0.0898,0.1872,0.4616,0.01029999999999999,0.0008000000000000229,0.003599999999999992,0,
tera,xerces-1.3,AEFS,lightgbm,5,0.717,0.0939,0.2439,0.5545,5,0.6905,0.0708,0.1649,0.5844,-0.023099999999999996,0.029900000000000038,-0.07900000000000001,0,-0.026499999999999968
tera,xerces-1.3,AEFS,random_forest,5,0.717,-0.0262,0.1975,0.478,5,0.6905,0.0271,0.2074,0.4799,0.0533,0.0019000000000000128,0.009899999999999992,0,-0.026499999999999968
tera,xerces-1.3,Ablation_no2D,lightgbm,5,,0.0939,0.2439,0.5545,5,,0.0708,0.1649,0.5844,-0.023099999999999996,0.029900000000000038,-0.07900000000000001,0,
tera,xerces-1.3,Ablation_no2D,random_forest,5,,-0.0262,0.1975,0.478,5,,0.0271,0.2074,0.4799,0.0533,0.0019000000000000128,0.009899999999999992,0,
tera,xerces-1.3,AllFeatures,lightgbm,20,,0.076,0.2824,0.6247,20,,0.0695,0.2825,0.6089,-0.006499999999999992,-0.015800000000000036,9.999999999998899e-05,0,
tera,xerces-1.3,AllFeatures,random_forest,20,,-0.0852,0.19,0.5214,20,,-0.0867,0.1846,0.521,-0.0015000000000000013,-0.00039999999999995595,-0.005400000000000016,0,
tera,xerces-1.3,FilterMI,lightgbm,5,,0.1654,0.331,0.563,5,,0.1472,0.3247,0.5524,-0.018199999999999994,-0.010599999999999943,-0.006300000000000028,0,
tera,xerces-1.3,FilterMI,random_forest,5,,-0.0719,0.2039,0.491,5,,-0.089,0.1932,0.4937,-0.01709999999999999,0.0027000000000000357,-0.010699999999999987,0,
tera,xerces-1.3,WrapperRFE,lightgbm,5,,0.2344,0.3862,0.5694,5,,0.1365,0.3253,0.5943,-0.09789999999999999,0.024900000000000033,-0.06090000000000001,0,
tera,xerces-1.3,WrapperRFE,random_forest,5,,-0.0814,0.1865,0.5104,5,,-0.1144,0.17,0.4834,-0.033,-0.02699999999999997,-0.016499999999999987,0,
tera,xerces-1.4,AEFS,lightgbm,5,0.758,0.0105,0.1265,0.5202,5,0.7645,-0.059,0.1381,0.5198,-0.06949999999999999,-0.00039999999999995595,0.0116,0,0.00649999999999995
tera,xerces-1.4,AEFS,random_forest,5,0.758,0.0812,0.2489,0.5519,5,0.7645,0.092,0.2646,0.5534,0.010800000000000004,0.0015000000000000568,0.015699999999999992,0,0.00649999999999995
tera,xerces-1.4,Ablation_no2D,lightgbm,5,,0.0105,0.1265,0.5202,5,,-0.059,0.1381,0.5198,-0.06949999999999999,-0.00039999999999995595,0.0116,0,
tera,xerces-1.4,Ablation_no2D,random_forest,5,,0.0812,0.2489,0.5519,5,,0.092,0.2646,0.5534,0.010800000000000004,0.0015000000000000568,0.015699999999999992,0,
tera,xerces-1.4,AllFeatures,lightgbm,20,,0.1087,0.2186,0.6083,20,,0.1344,0.2396,0.603,0.025699999999999987,-0.005299999999999971,0.02100000000000002,0,
tera,xerces-1.4,AllFeatures,random_forest,20,,0.1148,0.2989,0.5835,20,,0.1015,0.2945,0.5909,-0.013299999999999992,0.007399999999999962,-0.004400000000000015,0,
tera,xerces-1.4,FilterMI,lightgbm,5,,0.1412,0.2895,0.5437,5,,0.1505,0.2864,0.5527,0.009300000000000003,0.009000000000000008,-0.0030999999999999917,0,
tera,xerces-1.4,FilterMI,random_forest,5,,0.1682,0.3512,0.6096,5,,0.1529,0.3261,0.6077,-0.01529999999999998,-0.0019000000000000128,-0.02510000000000001,0,
tera,xerces-1.4,WrapperRFE,lightgbm,5,,0.1704,0.3202,0.5123,5,,0.1768,0.3312,0.509,0.006400000000000017,-0.0032999999999999696,0.01100000000000001,0,
tera,xerces-1.4,WrapperRFE,random_forest,5,,0.0237,0.3437,0.5561,5,,0.0157,0.3333,0.5583,-0.008,0.0021999999999999797,-0.01040000000000002,0,
tera,xerces-init,AEFS,lightgbm,5,0.785,0.2131,0.3556,0.5797,5,0.8808,0.2131,0.3556,0.58,0.0,0.00029999999999996696,0.0,0,0.0958
tera,xerces-init,AEFS,random_forest,5,0.785,0.1375,0.3404,0.5437,5,0.8808,0.1554,0.3441,0.5349,0.0179,-0.008799999999999919,0.0037000000000000366,0,0.0958
tera,xerces-init,Ablation_no2D,lightgbm,5,,0.2131,0.3556,0.5797,5,,0.2131,0.3556,0.58,0.0,0.00029999999999996696,0.0,0,
tera,xerces-init,Ablation_no2D,random_forest,5,,0.1375,0.3404,0.5437,5,,0.1375,0.3404,0.5337,0.0,-0.010000000000000009,0.0,0,
tera,xerces-init,AllFeatures,lightgbm,20,,0.089,0.431,0.5166,20,,0.089,0.431,0.5008,0.0,-0.015799999999999925,0.0,0,
tera,xerces-init,AllFeatures,random_forest,20,,0.2044,0.5085,0.5857,20,,0.219,0.521,0.5889,0.014600000000000002,0.0031999999999999806,0.012500000000000067,0,
tera,xerces-init,FilterMI,lightgbm,5,,0.1542,0.396,0.5483,5,,0.1541,0.3838,0.5377,-0.00010000000000001674,-0.010600000000000054,-0.012200000000000044,0,
tera,xerces-init,FilterMI,random_forest,5,,0.1886,0.487,0.5932,5,,0.1328,0.4615,0.5933,-0.05579999999999999,0.00010000000000010001,-0.025499999999999967,0,
tera,xerces-init,WrapperRFE,lightgbm,5,,0.1586,0.4602,0.542,5,,0.1718,0.4545,0.5375,0.013200000000000017,-0.0045000000000000595,-0.005699999999999983,0,
tera,xerces-init,WrapperRFE,random_forest,5,,0.1512,0.4918,0.5785,5,,0.1276,0.4921,0.5859,-0.02360000000000001,0.007399999999999962,0.00029999999999996696,0,
tera,zuzel,AEFS,lightgbm,5,0.783,0.1397,0.4,0.7548,5,0.7643,0.4386,0.6667,0.8966,0.2989,0.14179999999999993,0.26669999999999994,0,-0.01870000000000005
tera,zuzel,AEFS,random_forest,5,0.783,0.3017,0.5,0.6154,5,0.7643,0.4386,0.6667,0.7428,0.13689999999999997,0.12740000000000007,0.16669999999999996,0,-0.01870000000000005
tera,zuzel,Ablation_no2D,lightgbm,5,,0.1397,0.4,0.7548,5,,0.4386,0.6667,0.8966,0.2989,0.14179999999999993,0.26669999999999994,0,
tera,zuzel,Ablation_no2D,random_forest,5,,0.3017,0.5,0.6154,5,,0.4386,0.6667,0.7428,0.13689999999999997,0.12740000000000007,0.16669999999999996,0,
tera,zuzel,AllFeatures,lightgbm,20,,0.5131,0.6957,0.8774,20,,0.4445,0.6364,0.8582,-0.0686,-0.019199999999999995,-0.05930000000000002,0,
tera,zuzel,AllFeatures,random_forest,20,,0.5815,0.75,0.8245,20,,0.5131,0.6957,0.8245,-0.06840000000000002,0.0,-0.054300000000000015,0,
tera,zuzel,FilterMI,lightgbm,5,,0.4445,0.6364,0.762,5,,0.4445,0.6364,0.7813,0.0,0.019299999999999984,0.0,0,
tera,zuzel,FilterMI,random_forest,5,,0.3017,0.5,0.7716,5,,0.2193,0.4762,0.7524,-0.08240000000000003,-0.019199999999999995,-0.023799999999999988,0,
tera,zuzel,WrapperRFE,lightgbm,5,,0.4638,0.6,0.7668,5,,0.5296,0.6667,0.738,0.06579999999999997,-0.028800000000000048,0.06669999999999998,0,
tera,zuzel,WrapperRFE,random_forest,5,,0.3029,0.6154,0.7332,5,,0.3029,0.6154,0.7716,0.0,0.03839999999999999,0.0,0,
